source,id,ppc,state,description,detailUrl,imageUrls,thumbnailUrl,type,offerType,condition,developer,project,number,ownership,energyClass,locality,disposition,roomCount,area,areaType,floorArea,usableArea,livingArea,totalArea,floor,gps,address,price,priceType,currency,balconyArea,loggiaArea,terraceArea,gardenArea,cellar,parking
pricelists,5e4ff23629b12d3973bf8393,None,RESERVED,None,https://www.bydleni-beroun.cz/byt/byt-cislo-9,['https://www.bydleni-beroun.cz/static/img/small-slider/small-slider-1.jpg'; 'https://www.bydleni-beroun.cz/static/img/small-slider/small-slider-2.jpg'; 'https://www.bydleni-beroun.cz/static/img/small-slider/small-slider-3.jpg'; 'https://www.bydleni-beroun.cz/static/images/btn-vybaveni-bytu-head.png'; 'https://www.bydleni-beroun.cz/static/images/btn-galerie-bytu-head.png'; 'https://www.bydleni-beroun.cz/media/pages/byty/thumb/slideshow-1.jpg'; 'https://www.bydleni-beroun.cz/media/pages/byty/thumb/slideshow-2.jpg'; 'https://www.bydleni-beroun.cz/media/pages/byty/thumb/slideshow-3.jpg'; 'https://www.bydleni-beroun.cz/media/pages/byty/thumb/slideshow-4.jpg'; 'https://www.bydleni-beroun.cz/media/pages/byty/thumb/slideshow-5.jpg'; 'https://www.bydleni-beroun.cz/media/pages/byty/thumb/slideshow-6.jpg'],https://img.flatzone.cz/5040ba4ec7fed5ea/350x200,FLAT,SALE,NEW,INSKY spol. s r.o.,BYTOVÝ DŮM NAD PALOUČKEM; BEROUN,Byt číslo 9,PRIVATE,B,Nad Paloučkem; 266 01; Beroun,['3kk'],[3],109.1,FLOOR,109.1,None,None,None,3,{'lat': 49.959205; 'lon': 14.0456764},{'address': 'Nad Paloučkem; Beroun; okres Beroun'; 'country': 'Česko'; 'region': 'Středočeský kraj'; 'district': 'Beroun'; 'city': 'Beroun'; 'borough': None; 'neighborhood': 'Beroun-Město'; 'street': 'Nad Paloučkem'; 'houseNumber': None},None,None,None,None,None,15.4,None,True,True
pricelists,5e55381a7caef19155d96086,None,RESERVED,None,https://bytyuparkuberoun.lexxus.cz/,['https://bytyuparkuberoun.lexxus.cz/upload/photo/1606082982ks0s5-lexxus-projekt-beroun-1.jpg'; 'https://bytyuparkuberoun.lexxus.cz/upload/photo/1619703328qrvt9-03-lexxus-byty-u-parku-beroun-nove-byty-k-prodeji.jpg'; 'https://bytyuparkuberoun.lexxus.cz/upload/photo/1619703299jlp5y-02-lexxus-byty-u-parku-beroun-nove-byty-k-prodeji.jpg'; 'https://bytyuparkuberoun.lexxus.cz/upload/photo/1606082732vrx3v-lexxus-projekt-beroun-23.jpg'; 'https://bytyuparkuberoun.lexxus.cz/upload/photo/1619703359ow7wn-04-lexxus-byty-u-parku-beroun-nove-byty-k-prodeji.jpg'; 'https://bytyuparkuberoun.lexxus.cz/upload/photo/1606083207x384g-lexxus-projekt-beroun-30.jpg'; 'https://bytyuparkuberoun.lexxus.cz/upload/photo/1606222004t6vve-lexxus-projekt-beroun-28.jpg'; 'https://bytyuparkuberoun.lexxus.cz/upload/photo/1619703428ptnv9-lexxus-projekt-byty-u-parku-9a9a1810.jpg'; 'https://bytyuparkuberoun.lexxus.cz/upload/photo/1591865464cn2wo-lexxus-projekt-prodej.jpg'; 'https://bytyuparkuberoun.lexxus.cz/upload/photo/1565703617k5ufx-9a9a6627-061019.jpg'; 'https://bytyuparkuberoun.lexxus.cz/upload/photo/15731333044mgky-9a9a4897-102919.jpg'; 'https://bytyuparkuberoun.lexxus.cz/upload/photo/15657036398xvdc-9a9a6607-061019.jpg'; 'https://bytyuparkuberoun.lexxus.cz/upload/photo/1565703646ypgmm-9a9a6649-061019.jpg'; 'https://bytyuparkuberoun.lexxus.cz/upload/photo/1565703663schxi-9a9a6582-061019.jpg'; 'https://bytyuparkuberoun.lexxus.cz/upload/photo/1565703655597mh-9a9a6669-061019.jpg'; 'https://bytyuparkuberoun.lexxus.cz/upload/photo/1565703670drmsa-9a9a6586-061019.jpg'; 'https://bytyuparkuberoun.lexxus.cz/upload/pricelist/unit_lex000123326_1.jpg'],https://img.flatzone.cz/23bacb7c4f5597c2/350x200,FLAT,SALE,NEW,PRECO GROUP s.r.o.,Rezidence Byty u Parku,23,PRIVATE,B,Na Náhonu; 266 01; Beroun,['3+kk'],[3],76.62,USABLE,None,76.62,None,None,2,{'lat': 49.9601136; 'lon': 14.0696603},{'address': 'Na Náhonu 78; Beroun; 266 01; okres Beroun'; 'country': 'Česko'; 'region': 'Středočeský kraj'; 'district': 'Beroun'; 'city': 'Beroun'; 'borough': None; 'neighborhood': 'Beroun-Město'; 'street': 'Na Náhonu'; 'houseNumber': '78'},7360000,total,CZK,9.1,None,None,None,None,None
pricelists,5e55381a7caef19155d96090,None,FREE,None,https://bytyuparkuberoun.lexxus.cz/,['https://bytyuparkuberoun.lexxus.cz/upload/photo/1606082982ks0s5-lexxus-projekt-beroun-1.jpg'; 'https://bytyuparkuberoun.lexxus.cz/upload/photo/1619703328qrvt9-03-lexxus-byty-u-parku-beroun-nove-byty-k-prodeji.jpg'; 'https://bytyuparkuberoun.lexxus.cz/upload/photo/1619703299jlp5y-02-lexxus-byty-u-parku-beroun-nove-byty-k-prodeji.jpg'; 'https://bytyuparkuberoun.lexxus.cz/upload/photo/1606082732vrx3v-lexxus-projekt-beroun-23.jpg'; 'https://bytyuparkuberoun.lexxus.cz/upload/photo/1619703359ow7wn-04-lexxus-byty-u-parku-beroun-nove-byty-k-prodeji.jpg'; 'https://bytyuparkuberoun.lexxus.cz/upload/photo/1606083207x384g-lexxus-projekt-beroun-30.jpg'; 'https://bytyuparkuberoun.lexxus.cz/upload/photo/1606222004t6vve-lexxus-projekt-beroun-28.jpg'; 'https://bytyuparkuberoun.lexxus.cz/upload/photo/1619703428ptnv9-lexxus-projekt-byty-u-parku-9a9a1810.jpg'; 'https://bytyuparkuberoun.lexxus.cz/upload/photo/1591865464cn2wo-lexxus-projekt-prodej.jpg'; 'https://bytyuparkuberoun.lexxus.cz/upload/photo/1565703617k5ufx-9a9a6627-061019.jpg'; 'https://bytyuparkuberoun.lexxus.cz/upload/photo/15731333044mgky-9a9a4897-102919.jpg'; 'https://bytyuparkuberoun.lexxus.cz/upload/photo/15657036398xvdc-9a9a6607-061019.jpg'; 'https://bytyuparkuberoun.lexxus.cz/upload/photo/1565703646ypgmm-9a9a6649-061019.jpg'; 'https://bytyuparkuberoun.lexxus.cz/upload/photo/1565703663schxi-9a9a6582-061019.jpg'; 'https://bytyuparkuberoun.lexxus.cz/upload/photo/1565703655597mh-9a9a6669-061019.jpg'; 'https://bytyuparkuberoun.lexxus.cz/upload/photo/1565703670drmsa-9a9a6586-061019.jpg'; 'https://bytyuparkuberoun.lexxus.cz/upload/pricelist/unit_lex000123331_1.jpg'],https://img.flatzone.cz/23bacb7c4f5597c2/350x200,FLAT,SALE,NEW,PRECO GROUP s.r.o.,Rezidence Byty u Parku,28,PRIVATE,B,Na Náhonu; 266 01; Beroun,['4+kk'],[4],88.3,USABLE,None,88.3,None,None,2,{'lat': 49.9601136; 'lon': 14.0696603},{'address': 'Na Náhonu 78; Beroun; 266 01; okres Beroun'; 'country': 'Česko'; 'region': 'Středočeský kraj'; 'district': 'Beroun'; 'city': 'Beroun'; 'borough': None; 'neighborhood': 'Beroun-Město'; 'street': 'Na Náhonu'; 'houseNumber': '78'},8149999,total,CZK,4.2,None,None,None,None,None
pricelists,5e55381a7caef19155d96092,None,RESERVED,None,https://bytyuparkuberoun.lexxus.cz/,['https://bytyuparkuberoun.lexxus.cz/upload/photo/1606082982ks0s5-lexxus-projekt-beroun-1.jpg'; 'https://bytyuparkuberoun.lexxus.cz/upload/photo/1619703328qrvt9-03-lexxus-byty-u-parku-beroun-nove-byty-k-prodeji.jpg'; 'https://bytyuparkuberoun.lexxus.cz/upload/photo/1619703299jlp5y-02-lexxus-byty-u-parku-beroun-nove-byty-k-prodeji.jpg'; 'https://bytyuparkuberoun.lexxus.cz/upload/photo/1606082732vrx3v-lexxus-projekt-beroun-23.jpg'; 'https://bytyuparkuberoun.lexxus.cz/upload/photo/1619703359ow7wn-04-lexxus-byty-u-parku-beroun-nove-byty-k-prodeji.jpg'; 'https://bytyuparkuberoun.lexxus.cz/upload/photo/1606083207x384g-lexxus-projekt-beroun-30.jpg'; 'https://bytyuparkuberoun.lexxus.cz/upload/photo/1606222004t6vve-lexxus-projekt-beroun-28.jpg'; 'https://bytyuparkuberoun.lexxus.cz/upload/photo/1619703428ptnv9-lexxus-projekt-byty-u-parku-9a9a1810.jpg'; 'https://bytyuparkuberoun.lexxus.cz/upload/photo/1591865464cn2wo-lexxus-projekt-prodej.jpg'; 'https://bytyuparkuberoun.lexxus.cz/upload/photo/1565703617k5ufx-9a9a6627-061019.jpg'; 'https://bytyuparkuberoun.lexxus.cz/upload/photo/15731333044mgky-9a9a4897-102919.jpg'; 'https://bytyuparkuberoun.lexxus.cz/upload/photo/15657036398xvdc-9a9a6607-061019.jpg'; 'https://bytyuparkuberoun.lexxus.cz/upload/photo/1565703646ypgmm-9a9a6649-061019.jpg'; 'https://bytyuparkuberoun.lexxus.cz/upload/photo/1565703663schxi-9a9a6582-061019.jpg'; 'https://bytyuparkuberoun.lexxus.cz/upload/photo/1565703655597mh-9a9a6669-061019.jpg'; 'https://bytyuparkuberoun.lexxus.cz/upload/photo/1565703670drmsa-9a9a6586-061019.jpg'; 'https://bytyuparkuberoun.lexxus.cz/upload/pricelist/unit_lex000123332_1.jpg'],https://img.flatzone.cz/23bacb7c4f5597c2/350x200,FLAT,SALE,NEW,PRECO GROUP s.r.o.,Rezidence Byty u Parku,31,PRIVATE,B,Na Náhonu; 266 01; Beroun,['3+kk'],[3],68.53,USABLE,None,68.53,None,None,3,{'lat': 49.9601136; 'lon': 14.0696603},{'address': 'Na Náhonu 78; Beroun; 266 01; okres Beroun'; 'country': 'Česko'; 'region': 'Středočeský kraj'; 'district': 'Beroun'; 'city': 'Beroun'; 'borough': None; 'neighborhood': 'Beroun-Město'; 'street': 'Na Náhonu'; 'houseNumber': '78'},6749999,total,CZK,4.9,None,None,None,None,None
pricelists,5e55381a7caef19155d960ac,None,RESERVED,None,https://bytyuparkuberoun.lexxus.cz/,['https://bytyuparkuberoun.lexxus.cz/upload/photo/1606082982ks0s5-lexxus-projekt-beroun-1.jpg'; 'https://bytyuparkuberoun.lexxus.cz/upload/photo/1619703328qrvt9-03-lexxus-byty-u-parku-beroun-nove-byty-k-prodeji.jpg'; 'https://bytyuparkuberoun.lexxus.cz/upload/photo/1619703299jlp5y-02-lexxus-byty-u-parku-beroun-nove-byty-k-prodeji.jpg'; 'https://bytyuparkuberoun.lexxus.cz/upload/photo/1606082732vrx3v-lexxus-projekt-beroun-23.jpg'; 'https://bytyuparkuberoun.lexxus.cz/upload/photo/1619703359ow7wn-04-lexxus-byty-u-parku-beroun-nove-byty-k-prodeji.jpg'; 'https://bytyuparkuberoun.lexxus.cz/upload/photo/1606083207x384g-lexxus-projekt-beroun-30.jpg'; 'https://bytyuparkuberoun.lexxus.cz/upload/photo/1606222004t6vve-lexxus-projekt-beroun-28.jpg'; 'https://bytyuparkuberoun.lexxus.cz/upload/photo/1619703428ptnv9-lexxus-projekt-byty-u-parku-9a9a1810.jpg'; 'https://bytyuparkuberoun.lexxus.cz/upload/photo/1591865464cn2wo-lexxus-projekt-prodej.jpg'; 'https://bytyuparkuberoun.lexxus.cz/upload/photo/1565703617k5ufx-9a9a6627-061019.jpg'; 'https://bytyuparkuberoun.lexxus.cz/upload/photo/15731333044mgky-9a9a4897-102919.jpg'; 'https://bytyuparkuberoun.lexxus.cz/upload/photo/15657036398xvdc-9a9a6607-061019.jpg'; 'https://bytyuparkuberoun.lexxus.cz/upload/photo/1565703646ypgmm-9a9a6649-061019.jpg'; 'https://bytyuparkuberoun.lexxus.cz/upload/photo/1565703663schxi-9a9a6582-061019.jpg'; 'https://bytyuparkuberoun.lexxus.cz/upload/photo/1565703655597mh-9a9a6669-061019.jpg'; 'https://bytyuparkuberoun.lexxus.cz/upload/photo/1565703670drmsa-9a9a6586-061019.jpg'; 'https://bytyuparkuberoun.lexxus.cz/upload/pricelist/unit_lex000123345_1.jpg'],https://img.flatzone.cz/23bacb7c4f5597c2/350x200,FLAT,SALE,NEW,PRECO GROUP s.r.o.,Rezidence Byty u Parku,46,PRIVATE,B,Na Náhonu; 266 01; Beroun,['3+kk'],[3],77.35,USABLE,None,77.35,None,None,4,{'lat': 49.9601136; 'lon': 14.0696603},{'address': 'Na Náhonu 78; Beroun; 266 01; okres Beroun'; 'country': 'Česko'; 'region': 'Středočeský kraj'; 'district': 'Beroun'; 'city': 'Beroun'; 'borough': None; 'neighborhood': 'Beroun-Město'; 'street': 'Na Náhonu'; 'houseNumber': '78'},7650000,total,CZK,9.1,None,None,None,None,None
pricelists,5e55381a7caef19155d960b2,None,RESERVED,None,https://bytyuparkuberoun.lexxus.cz/,['https://bytyuparkuberoun.lexxus.cz/upload/photo/1606082982ks0s5-lexxus-projekt-beroun-1.jpg'; 'https://bytyuparkuberoun.lexxus.cz/upload/photo/1619703328qrvt9-03-lexxus-byty-u-parku-beroun-nove-byty-k-prodeji.jpg'; 'https://bytyuparkuberoun.lexxus.cz/upload/photo/1619703299jlp5y-02-lexxus-byty-u-parku-beroun-nove-byty-k-prodeji.jpg'; 'https://bytyuparkuberoun.lexxus.cz/upload/photo/1606082732vrx3v-lexxus-projekt-beroun-23.jpg'; 'https://bytyuparkuberoun.lexxus.cz/upload/photo/1619703359ow7wn-04-lexxus-byty-u-parku-beroun-nove-byty-k-prodeji.jpg'; 'https://bytyuparkuberoun.lexxus.cz/upload/photo/1606083207x384g-lexxus-projekt-beroun-30.jpg'; 'https://bytyuparkuberoun.lexxus.cz/upload/photo/1606222004t6vve-lexxus-projekt-beroun-28.jpg'; 'https://bytyuparkuberoun.lexxus.cz/upload/photo/1619703428ptnv9-lexxus-projekt-byty-u-parku-9a9a1810.jpg'; 'https://bytyuparkuberoun.lexxus.cz/upload/photo/1591865464cn2wo-lexxus-projekt-prodej.jpg'; 'https://bytyuparkuberoun.lexxus.cz/upload/photo/1565703617k5ufx-9a9a6627-061019.jpg'; 'https://bytyuparkuberoun.lexxus.cz/upload/photo/15731333044mgky-9a9a4897-102919.jpg'; 'https://bytyuparkuberoun.lexxus.cz/upload/photo/15657036398xvdc-9a9a6607-061019.jpg'; 'https://bytyuparkuberoun.lexxus.cz/upload/photo/1565703646ypgmm-9a9a6649-061019.jpg'; 'https://bytyuparkuberoun.lexxus.cz/upload/photo/1565703663schxi-9a9a6582-061019.jpg'; 'https://bytyuparkuberoun.lexxus.cz/upload/photo/1565703655597mh-9a9a6669-061019.jpg'; 'https://bytyuparkuberoun.lexxus.cz/upload/photo/1565703670drmsa-9a9a6586-061019.jpg'; 'https://bytyuparkuberoun.lexxus.cz/upload/pricelist/unit_lex000123348_1.jpg'],https://img.flatzone.cz/23bacb7c4f5597c2/350x200,FLAT,SALE,NEW,PRECO GROUP s.r.o.,Rezidence Byty u Parku,51,PRIVATE,B,Na Náhonu; 266 01; Beroun,['3+kk'],[3],66.46,USABLE,None,66.46,None,None,5,{'lat': 49.9601136; 'lon': 14.0696603},{'address': 'Na Náhonu 78; Beroun; 266 01; okres Beroun'; 'country': 'Česko'; 'region': 'Středočeský kraj'; 'district': 'Beroun'; 'city': 'Beroun'; 'borough': None; 'neighborhood': 'Beroun-Město'; 'street': 'Na Náhonu'; 'houseNumber': '78'},6850000,total,CZK,4.9,None,None,None,None,None
pricelists,5e55381a7caef19155d960c0,None,FREE,None,https://bytyuparkuberoun.lexxus.cz/,['https://bytyuparkuberoun.lexxus.cz/upload/photo/1606082982ks0s5-lexxus-projekt-beroun-1.jpg'; 'https://bytyuparkuberoun.lexxus.cz/upload/photo/1619703328qrvt9-03-lexxus-byty-u-parku-beroun-nove-byty-k-prodeji.jpg'; 'https://bytyuparkuberoun.lexxus.cz/upload/photo/1619703299jlp5y-02-lexxus-byty-u-parku-beroun-nove-byty-k-prodeji.jpg'; 'https://bytyuparkuberoun.lexxus.cz/upload/photo/1606082732vrx3v-lexxus-projekt-beroun-23.jpg'; 'https://bytyuparkuberoun.lexxus.cz/upload/photo/1619703359ow7wn-04-lexxus-byty-u-parku-beroun-nove-byty-k-prodeji.jpg'; 'https://bytyuparkuberoun.lexxus.cz/upload/photo/1606083207x384g-lexxus-projekt-beroun-30.jpg'; 'https://bytyuparkuberoun.lexxus.cz/upload/photo/1606222004t6vve-lexxus-projekt-beroun-28.jpg'; 'https://bytyuparkuberoun.lexxus.cz/upload/photo/1619703428ptnv9-lexxus-projekt-byty-u-parku-9a9a1810.jpg'; 'https://bytyuparkuberoun.lexxus.cz/upload/photo/1591865464cn2wo-lexxus-projekt-prodej.jpg'; 'https://bytyuparkuberoun.lexxus.cz/upload/photo/1565703617k5ufx-9a9a6627-061019.jpg'; 'https://bytyuparkuberoun.lexxus.cz/upload/photo/15731333044mgky-9a9a4897-102919.jpg'; 'https://bytyuparkuberoun.lexxus.cz/upload/photo/15657036398xvdc-9a9a6607-061019.jpg'; 'https://bytyuparkuberoun.lexxus.cz/upload/photo/1565703646ypgmm-9a9a6649-061019.jpg'; 'https://bytyuparkuberoun.lexxus.cz/upload/photo/1565703663schxi-9a9a6582-061019.jpg'; 'https://bytyuparkuberoun.lexxus.cz/upload/photo/1565703655597mh-9a9a6669-061019.jpg'; 'https://bytyuparkuberoun.lexxus.cz/upload/photo/1565703670drmsa-9a9a6586-061019.jpg'; 'https://bytyuparkuberoun.lexxus.cz/upload/pricelist/unit_lex000123355_1.jpg'],https://img.flatzone.cz/23bacb7c4f5597c2/350x200,FLAT,SALE,NEW,PRECO GROUP s.r.o.,Rezidence Byty u Parku,58,PRIVATE,B,Na Náhonu; 266 01; Beroun,['4+kk'],[4],86.41,USABLE,None,86.41,None,None,5,{'lat': 49.9601136; 'lon': 14.0696603},{'address': 'Na Náhonu 78; Beroun; 266 01; okres Beroun'; 'country': 'Česko'; 'region': 'Středočeský kraj'; 'district': 'Beroun'; 'city': 'Beroun'; 'borough': None; 'neighborhood': 'Beroun-Město'; 'street': 'Na Náhonu'; 'houseNumber': '78'},8600000,total,CZK,4.2,None,None,None,None,None
pricelists,5e55381a7caef19155d960c6,None,FREE,None,https://bytyuparkuberoun.lexxus.cz/,['https://bytyuparkuberoun.lexxus.cz/upload/photo/1606082982ks0s5-lexxus-projekt-beroun-1.jpg'; 'https://bytyuparkuberoun.lexxus.cz/upload/photo/1619703328qrvt9-03-lexxus-byty-u-parku-beroun-nove-byty-k-prodeji.jpg'; 'https://bytyuparkuberoun.lexxus.cz/upload/photo/1619703299jlp5y-02-lexxus-byty-u-parku-beroun-nove-byty-k-prodeji.jpg'; 'https://bytyuparkuberoun.lexxus.cz/upload/photo/1606082732vrx3v-lexxus-projekt-beroun-23.jpg'; 'https://bytyuparkuberoun.lexxus.cz/upload/photo/1619703359ow7wn-04-lexxus-byty-u-parku-beroun-nove-byty-k-prodeji.jpg'; 'https://bytyuparkuberoun.lexxus.cz/upload/photo/1606083207x384g-lexxus-projekt-beroun-30.jpg'; 'https://bytyuparkuberoun.lexxus.cz/upload/photo/1606222004t6vve-lexxus-projekt-beroun-28.jpg'; 'https://bytyuparkuberoun.lexxus.cz/upload/photo/1619703428ptnv9-lexxus-projekt-byty-u-parku-9a9a1810.jpg'; 'https://bytyuparkuberoun.lexxus.cz/upload/photo/1591865464cn2wo-lexxus-projekt-prodej.jpg'; 'https://bytyuparkuberoun.lexxus.cz/upload/photo/1565703617k5ufx-9a9a6627-061019.jpg'; 'https://bytyuparkuberoun.lexxus.cz/upload/photo/15731333044mgky-9a9a4897-102919.jpg'; 'https://bytyuparkuberoun.lexxus.cz/upload/photo/15657036398xvdc-9a9a6607-061019.jpg'; 'https://bytyuparkuberoun.lexxus.cz/upload/photo/1565703646ypgmm-9a9a6649-061019.jpg'; 'https://bytyuparkuberoun.lexxus.cz/upload/photo/1565703663schxi-9a9a6582-061019.jpg'; 'https://bytyuparkuberoun.lexxus.cz/upload/photo/1565703655597mh-9a9a6669-061019.jpg'; 'https://bytyuparkuberoun.lexxus.cz/upload/photo/1565703670drmsa-9a9a6586-061019.jpg'; 'https://bytyuparkuberoun.lexxus.cz/upload/pricelist/unit_lex000123358_1.jpg'],https://img.flatzone.cz/23bacb7c4f5597c2/350x200,FLAT,SALE,NEW,PRECO GROUP s.r.o.,Rezidence Byty u Parku,63,PRIVATE,B,Na Náhonu; 266 01; Beroun,['4+kk'],[4],109.77,USABLE,None,109.77,None,None,6,{'lat': 49.9601136; 'lon': 14.0696603},{'address': 'Na Náhonu 78; Beroun; 266 01; okres Beroun'; 'country': 'Česko'; 'region': 'Středočeský kraj'; 'district': 'Beroun'; 'city': 'Beroun'; 'borough': None; 'neighborhood': 'Beroun-Město'; 'street': 'Na Náhonu'; 'houseNumber': '78'},9900000,total,CZK,24.42,None,None,None,None,None
pricelists,5e55381a7caef19155d960c8,None,FREE,None,https://bytyuparkuberoun.lexxus.cz/,['https://bytyuparkuberoun.lexxus.cz/upload/photo/1606082982ks0s5-lexxus-projekt-beroun-1.jpg'; 'https://bytyuparkuberoun.lexxus.cz/upload/photo/1619703328qrvt9-03-lexxus-byty-u-parku-beroun-nove-byty-k-prodeji.jpg'; 'https://bytyuparkuberoun.lexxus.cz/upload/photo/1619703299jlp5y-02-lexxus-byty-u-parku-beroun-nove-byty-k-prodeji.jpg'; 'https://bytyuparkuberoun.lexxus.cz/upload/photo/1606082732vrx3v-lexxus-projekt-beroun-23.jpg'; 'https://bytyuparkuberoun.lexxus.cz/upload/photo/1619703359ow7wn-04-lexxus-byty-u-parku-beroun-nove-byty-k-prodeji.jpg'; 'https://bytyuparkuberoun.lexxus.cz/upload/photo/1606083207x384g-lexxus-projekt-beroun-30.jpg'; 'https://bytyuparkuberoun.lexxus.cz/upload/photo/1606222004t6vve-lexxus-projekt-beroun-28.jpg'; 'https://bytyuparkuberoun.lexxus.cz/upload/photo/1619703428ptnv9-lexxus-projekt-byty-u-parku-9a9a1810.jpg'; 'https://bytyuparkuberoun.lexxus.cz/upload/photo/1591865464cn2wo-lexxus-projekt-prodej.jpg'; 'https://bytyuparkuberoun.lexxus.cz/upload/photo/1565703617k5ufx-9a9a6627-061019.jpg'; 'https://bytyuparkuberoun.lexxus.cz/upload/photo/15731333044mgky-9a9a4897-102919.jpg'; 'https://bytyuparkuberoun.lexxus.cz/upload/photo/15657036398xvdc-9a9a6607-061019.jpg'; 'https://bytyuparkuberoun.lexxus.cz/upload/photo/1565703646ypgmm-9a9a6649-061019.jpg'; 'https://bytyuparkuberoun.lexxus.cz/upload/photo/1565703663schxi-9a9a6582-061019.jpg'; 'https://bytyuparkuberoun.lexxus.cz/upload/photo/1565703655597mh-9a9a6669-061019.jpg'; 'https://bytyuparkuberoun.lexxus.cz/upload/photo/1565703670drmsa-9a9a6586-061019.jpg'; 'https://bytyuparkuberoun.lexxus.cz/upload/pricelist/unit_lex000123359_1.jpg'],https://img.flatzone.cz/23bacb7c4f5597c2/350x200,FLAT,SALE,NEW,PRECO GROUP s.r.o.,Rezidence Byty u Parku,64,PRIVATE,B,Na Náhonu; 266 01; Beroun,['4+kk'],[4],113.03,USABLE,None,113.03,None,None,6,{'lat': 49.9601136; 'lon': 14.0696603},{'address': 'Na Náhonu 78; Beroun; 266 01; okres Beroun'; 'country': 'Česko'; 'region': 'Středočeský kraj'; 'district': 'Beroun'; 'city': 'Beroun'; 'borough': None; 'neighborhood': 'Beroun-Město'; 'street': 'Na Náhonu'; 'houseNumber': '78'},9900000,total,CZK,24.52,None,None,None,None,None
pricelists,5e55381a7caef19155d960cc,None,FREE,None,https://bytyuparkuberoun.lexxus.cz/,['https://bytyuparkuberoun.lexxus.cz/upload/photo/1606082982ks0s5-lexxus-projekt-beroun-1.jpg'; 'https://bytyuparkuberoun.lexxus.cz/upload/photo/1619703328qrvt9-03-lexxus-byty-u-parku-beroun-nove-byty-k-prodeji.jpg'; 'https://bytyuparkuberoun.lexxus.cz/upload/photo/1619703299jlp5y-02-lexxus-byty-u-parku-beroun-nove-byty-k-prodeji.jpg'; 'https://bytyuparkuberoun.lexxus.cz/upload/photo/1606082732vrx3v-lexxus-projekt-beroun-23.jpg'; 'https://bytyuparkuberoun.lexxus.cz/upload/photo/1619703359ow7wn-04-lexxus-byty-u-parku-beroun-nove-byty-k-prodeji.jpg'; 'https://bytyuparkuberoun.lexxus.cz/upload/photo/1606083207x384g-lexxus-projekt-beroun-30.jpg'; 'https://bytyuparkuberoun.lexxus.cz/upload/photo/1606222004t6vve-lexxus-projekt-beroun-28.jpg'; 'https://bytyuparkuberoun.lexxus.cz/upload/photo/1619703428ptnv9-lexxus-projekt-byty-u-parku-9a9a1810.jpg'; 'https://bytyuparkuberoun.lexxus.cz/upload/photo/1591865464cn2wo-lexxus-projekt-prodej.jpg'; 'https://bytyuparkuberoun.lexxus.cz/upload/photo/1565703617k5ufx-9a9a6627-061019.jpg'; 'https://bytyuparkuberoun.lexxus.cz/upload/photo/15731333044mgky-9a9a4897-102919.jpg'; 'https://bytyuparkuberoun.lexxus.cz/upload/photo/15657036398xvdc-9a9a6607-061019.jpg'; 'https://bytyuparkuberoun.lexxus.cz/upload/photo/1565703646ypgmm-9a9a6649-061019.jpg'; 'https://bytyuparkuberoun.lexxus.cz/upload/photo/1565703663schxi-9a9a6582-061019.jpg'; 'https://bytyuparkuberoun.lexxus.cz/upload/photo/1565703655597mh-9a9a6669-061019.jpg'; 'https://bytyuparkuberoun.lexxus.cz/upload/photo/1565703670drmsa-9a9a6586-061019.jpg'; 'https://bytyuparkuberoun.lexxus.cz/upload/pricelist/unit_lex000123361_1.jpg'],https://img.flatzone.cz/23bacb7c4f5597c2/350x200,FLAT,SALE,NEW,PRECO GROUP s.r.o.,Rezidence Byty u Parku,66,PRIVATE,B,Na Náhonu; 266 01; Beroun,['4+kk'],[4],86.41,USABLE,None,86.41,None,None,6,{'lat': 49.9601136; 'lon': 14.0696603},{'address': 'Na Náhonu 78; Beroun; 266 01; okres Beroun'; 'country': 'Česko'; 'region': 'Středočeský kraj'; 'district': 'Beroun'; 'city': 'Beroun'; 'borough': None; 'neighborhood': 'Beroun-Město'; 'street': 'Na Náhonu'; 'houseNumber': '78'},8750000,total,CZK,4.2,None,None,None,None,None
pricelists,6166ea7455f629fe07fb7c2c,None,FREE,None,https://berounska-zahrada.cz/cs/byty/detail/D-1-01,['https://berounska-zahrada.cz/themes/bz/images/galerie-01.jpg'; 'https://berounska-zahrada.cz/themes/bz/images/galerie-02.jpg'; 'https://berounska-zahrada.cz/themes/bz/images/galerie-03.jpg'; 'https://berounska-zahrada.cz/themes/bz/images/foto-01.jpg'; 'https://berounska-zahrada.cz/themes/bz/images/foto-07.jpg'; 'https://berounska-zahrada.cz/themes/bz/images/foto-02.jpg'; 'https://berounska-zahrada.cz/themes/bz/images/foto-03.jpg'; 'https://berounska-zahrada.cz/themes/bz/images/foto-04.jpg'; 'https://berounska-zahrada.cz/themes/bz/images/foto-05.jpg'; 'https://berounska-zahrada.cz/themes/bz/images/foto-06.jpg'; 'https://berounska-zahrada.cz/themes/bz/images/foto-09.jpg'; 'https://berounska-zahrada.cz/themes/bz/images/foto-10.jpg'; 'https://berounska-zahrada.cz/themes/bz/images/foto-11.jpg'; 'https://berounska-zahrada.cz/themes/bz/images/foto-12.jpg'],https://img.flatzone.cz/e01f0681ed5b3e08/350x200,FLAT,SALE,UNDER_CONSTRUCTION,Beroun Centrum; s.r.o.,Berounská zahrada,D.1.01,PRIVATE,B,ul.Na Dražkách; 266 01 Beroun,['2 + kk'],[2],48.0,TOTAL,None,None,None,48.0,1,{'lat': 49.9588256; 'lon': 14.0631653},{'address': 'Beroun-Město; Beroun; Beroun'; 'country': 'Česko'; 'region': 'Středočeský kraj'; 'district': 'Beroun'; 'city': 'Beroun'; 'borough': None; 'neighborhood': 'Beroun-Město'; 'street': None; 'houseNumber': None},4250000,total,CZK,4.0,None,None,None,None,None
pricelists,6166ea7455f629fe07fb7c2e,None,FREE,None,https://berounska-zahrada.cz/cs/byty/detail/D-1-02,['https://berounska-zahrada.cz/themes/bz/images/galerie-01.jpg'; 'https://berounska-zahrada.cz/themes/bz/images/galerie-02.jpg'; 'https://berounska-zahrada.cz/themes/bz/images/galerie-03.jpg'; 'https://berounska-zahrada.cz/themes/bz/images/foto-01.jpg'; 'https://berounska-zahrada.cz/themes/bz/images/foto-07.jpg'; 'https://berounska-zahrada.cz/themes/bz/images/foto-02.jpg'; 'https://berounska-zahrada.cz/themes/bz/images/foto-03.jpg'; 'https://berounska-zahrada.cz/themes/bz/images/foto-04.jpg'; 'https://berounska-zahrada.cz/themes/bz/images/foto-05.jpg'; 'https://berounska-zahrada.cz/themes/bz/images/foto-06.jpg'; 'https://berounska-zahrada.cz/themes/bz/images/foto-09.jpg'; 'https://berounska-zahrada.cz/themes/bz/images/foto-10.jpg'; 'https://berounska-zahrada.cz/themes/bz/images/foto-11.jpg'; 'https://berounska-zahrada.cz/themes/bz/images/foto-12.jpg'],https://img.flatzone.cz/e01f0681ed5b3e08/350x200,FLAT,SALE,UNDER_CONSTRUCTION,Beroun Centrum; s.r.o.,Berounská zahrada,D.1.02,PRIVATE,B,ul.Na Dražkách; 266 01 Beroun,['2 + kk'],[2],44.0,TOTAL,None,None,None,44.0,1,{'lat': 49.9588256; 'lon': 14.0631653},{'address': 'Beroun-Město; Beroun; Beroun'; 'country': 'Česko'; 'region': 'Středočeský kraj'; 'district': 'Beroun'; 'city': 'Beroun'; 'borough': None; 'neighborhood': 'Beroun-Město'; 'street': None; 'houseNumber': None},4100000,total,CZK,4.0,None,None,None,None,None
pricelists,6166ea7455f629fe07fb7c30,None,FREE,None,https://berounska-zahrada.cz/cs/byty/detail/D-1-03,['https://berounska-zahrada.cz/themes/bz/images/galerie-01.jpg'; 'https://berounska-zahrada.cz/themes/bz/images/galerie-02.jpg'; 'https://berounska-zahrada.cz/themes/bz/images/galerie-03.jpg'; 'https://berounska-zahrada.cz/themes/bz/images/foto-01.jpg'; 'https://berounska-zahrada.cz/themes/bz/images/foto-07.jpg'; 'https://berounska-zahrada.cz/themes/bz/images/foto-02.jpg'; 'https://berounska-zahrada.cz/themes/bz/images/foto-03.jpg'; 'https://berounska-zahrada.cz/themes/bz/images/foto-04.jpg'; 'https://berounska-zahrada.cz/themes/bz/images/foto-05.jpg'; 'https://berounska-zahrada.cz/themes/bz/images/foto-06.jpg'; 'https://berounska-zahrada.cz/themes/bz/images/foto-09.jpg'; 'https://berounska-zahrada.cz/themes/bz/images/foto-10.jpg'; 'https://berounska-zahrada.cz/themes/bz/images/foto-11.jpg'; 'https://berounska-zahrada.cz/themes/bz/images/foto-12.jpg'],https://img.flatzone.cz/e01f0681ed5b3e08/350x200,FLAT,SALE,UNDER_CONSTRUCTION,Beroun Centrum; s.r.o.,Berounská zahrada,D.1.03,PRIVATE,B,ul.Na Dražkách; 266 01 Beroun,['2 + kk'],[2],50.0,TOTAL,None,None,None,50.0,1,{'lat': 49.9588256; 'lon': 14.0631653},{'address': 'Beroun-Město; Beroun; Beroun'; 'country': 'Česko'; 'region': 'Středočeský kraj'; 'district': 'Beroun'; 'city': 'Beroun'; 'borough': None; 'neighborhood': 'Beroun-Město'; 'street': None; 'houseNumber': None},4250000,total,CZK,10.5,None,None,None,None,None
pricelists,6166ea7455f629fe07fb7c32,None,FREE,None,https://berounska-zahrada.cz/cs/byty/detail/D-1-04,['https://berounska-zahrada.cz/themes/bz/images/galerie-01.jpg'; 'https://berounska-zahrada.cz/themes/bz/images/galerie-02.jpg'; 'https://berounska-zahrada.cz/themes/bz/images/galerie-03.jpg'; 'https://berounska-zahrada.cz/themes/bz/images/foto-01.jpg'; 'https://berounska-zahrada.cz/themes/bz/images/foto-07.jpg'; 'https://berounska-zahrada.cz/themes/bz/images/foto-02.jpg'; 'https://berounska-zahrada.cz/themes/bz/images/foto-03.jpg'; 'https://berounska-zahrada.cz/themes/bz/images/foto-04.jpg'; 'https://berounska-zahrada.cz/themes/bz/images/foto-05.jpg'; 'https://berounska-zahrada.cz/themes/bz/images/foto-06.jpg'; 'https://berounska-zahrada.cz/themes/bz/images/foto-09.jpg'; 'https://berounska-zahrada.cz/themes/bz/images/foto-10.jpg'; 'https://berounska-zahrada.cz/themes/bz/images/foto-11.jpg'; 'https://berounska-zahrada.cz/themes/bz/images/foto-12.jpg'],https://img.flatzone.cz/e01f0681ed5b3e08/350x200,FLAT,SALE,UNDER_CONSTRUCTION,Beroun Centrum; s.r.o.,Berounská zahrada,D.1.04,PRIVATE,B,ul.Na Dražkách; 266 01 Beroun,['2 + kk'],[2],50.0,TOTAL,None,None,None,50.0,1,{'lat': 49.9588256; 'lon': 14.0631653},{'address': 'Beroun-Město; Beroun; Beroun'; 'country': 'Česko'; 'region': 'Středočeský kraj'; 'district': 'Beroun'; 'city': 'Beroun'; 'borough': None; 'neighborhood': 'Beroun-Město'; 'street': None; 'houseNumber': None},4250000,total,CZK,10.5,None,None,None,None,None
pricelists,6166ea7455f629fe07fb7c34,None,RESERVED,None,https://berounska-zahrada.cz/cs/byty/,['https://berounska-zahrada.cz/themes/bz/images/galerie-01.jpg'; 'https://berounska-zahrada.cz/themes/bz/images/galerie-02.jpg'; 'https://berounska-zahrada.cz/themes/bz/images/galerie-03.jpg'; 'https://berounska-zahrada.cz/themes/bz/images/foto-01.jpg'; 'https://berounska-zahrada.cz/themes/bz/images/foto-07.jpg'; 'https://berounska-zahrada.cz/themes/bz/images/foto-02.jpg'; 'https://berounska-zahrada.cz/themes/bz/images/foto-03.jpg'; 'https://berounska-zahrada.cz/themes/bz/images/foto-04.jpg'; 'https://berounska-zahrada.cz/themes/bz/images/foto-05.jpg'; 'https://berounska-zahrada.cz/themes/bz/images/foto-06.jpg'; 'https://berounska-zahrada.cz/themes/bz/images/foto-09.jpg'; 'https://berounska-zahrada.cz/themes/bz/images/foto-10.jpg'; 'https://berounska-zahrada.cz/themes/bz/images/foto-11.jpg'; 'https://berounska-zahrada.cz/themes/bz/images/foto-12.jpg'],https://img.flatzone.cz/e01f0681ed5b3e08/350x200,FLAT,SALE,UNDER_CONSTRUCTION,Beroun Centrum; s.r.o.,Berounská zahrada,D.2.02,PRIVATE,B,ul.Na Dražkách; 266 01 Beroun,['3 + kk'],[3],75.0,TOTAL,None,None,None,75.0,2,{'lat': 49.9588256; 'lon': 14.0631653},{'address': 'Beroun-Město; Beroun; Beroun'; 'country': 'Česko'; 'region': 'Středočeský kraj'; 'district': 'Beroun'; 'city': 'Beroun'; 'borough': None; 'neighborhood': 'Beroun-Město'; 'street': None; 'houseNumber': None},5500000,total,CZK,10.5,None,None,None,None,None
pricelists,6166ea7455f629fe07fb7c36,None,FREE,None,https://berounska-zahrada.cz/cs/byty/detail/D-2-01,['https://berounska-zahrada.cz/themes/bz/images/galerie-01.jpg'; 'https://berounska-zahrada.cz/themes/bz/images/galerie-02.jpg'; 'https://berounska-zahrada.cz/themes/bz/images/galerie-03.jpg'; 'https://berounska-zahrada.cz/themes/bz/images/foto-01.jpg'; 'https://berounska-zahrada.cz/themes/bz/images/foto-07.jpg'; 'https://berounska-zahrada.cz/themes/bz/images/foto-02.jpg'; 'https://berounska-zahrada.cz/themes/bz/images/foto-03.jpg'; 'https://berounska-zahrada.cz/themes/bz/images/foto-04.jpg'; 'https://berounska-zahrada.cz/themes/bz/images/foto-05.jpg'; 'https://berounska-zahrada.cz/themes/bz/images/foto-06.jpg'; 'https://berounska-zahrada.cz/themes/bz/images/foto-09.jpg'; 'https://berounska-zahrada.cz/themes/bz/images/foto-10.jpg'; 'https://berounska-zahrada.cz/themes/bz/images/foto-11.jpg'; 'https://berounska-zahrada.cz/themes/bz/images/foto-12.jpg'],https://img.flatzone.cz/e01f0681ed5b3e08/350x200,FLAT,SALE,UNDER_CONSTRUCTION,Beroun Centrum; s.r.o.,Berounská zahrada,D.2.01,PRIVATE,B,ul.Na Dražkách; 266 01 Beroun,['2 + kk'],[2],57.0,TOTAL,None,None,None,57.0,2,{'lat': 49.9588256; 'lon': 14.0631653},{'address': 'Beroun-Město; Beroun; Beroun'; 'country': 'Česko'; 'region': 'Středočeský kraj'; 'district': 'Beroun'; 'city': 'Beroun'; 'borough': None; 'neighborhood': 'Beroun-Město'; 'street': None; 'houseNumber': None},4350000,total,CZK,12.6,None,None,None,None,None
pricelists,6166ea7455f629fe07fb7c38,None,FREE,None,https://berounska-zahrada.cz/cs/byty/detail/D-2-03,['https://berounska-zahrada.cz/themes/bz/images/galerie-01.jpg'; 'https://berounska-zahrada.cz/themes/bz/images/galerie-02.jpg'; 'https://berounska-zahrada.cz/themes/bz/images/galerie-03.jpg'; 'https://berounska-zahrada.cz/themes/bz/images/foto-01.jpg'; 'https://berounska-zahrada.cz/themes/bz/images/foto-07.jpg'; 'https://berounska-zahrada.cz/themes/bz/images/foto-02.jpg'; 'https://berounska-zahrada.cz/themes/bz/images/foto-03.jpg'; 'https://berounska-zahrada.cz/themes/bz/images/foto-04.jpg'; 'https://berounska-zahrada.cz/themes/bz/images/foto-05.jpg'; 'https://berounska-zahrada.cz/themes/bz/images/foto-06.jpg'; 'https://berounska-zahrada.cz/themes/bz/images/foto-09.jpg'; 'https://berounska-zahrada.cz/themes/bz/images/foto-10.jpg'; 'https://berounska-zahrada.cz/themes/bz/images/foto-11.jpg'; 'https://berounska-zahrada.cz/themes/bz/images/foto-12.jpg'],https://img.flatzone.cz/e01f0681ed5b3e08/350x200,FLAT,SALE,UNDER_CONSTRUCTION,Beroun Centrum; s.r.o.,Berounská zahrada,D.2.03,PRIVATE,B,ul.Na Dražkách; 266 01 Beroun,['3 + kk'],[3],75.0,TOTAL,None,None,None,75.0,2,{'lat': 49.9588256; 'lon': 14.0631653},{'address': 'Beroun-Město; Beroun; Beroun'; 'country': 'Česko'; 'region': 'Středočeský kraj'; 'district': 'Beroun'; 'city': 'Beroun'; 'borough': None; 'neighborhood': 'Beroun-Město'; 'street': None; 'houseNumber': None},5500000,total,CZK,10.5,None,None,None,None,None
pricelists,6166ea7455f629fe07fb7c3a,None,FREE,None,https://berounska-zahrada.cz/cs/byty/detail/D-3-01,['https://berounska-zahrada.cz/themes/bz/images/galerie-01.jpg'; 'https://berounska-zahrada.cz/themes/bz/images/galerie-02.jpg'; 'https://berounska-zahrada.cz/themes/bz/images/galerie-03.jpg'; 'https://berounska-zahrada.cz/themes/bz/images/foto-01.jpg'; 'https://berounska-zahrada.cz/themes/bz/images/foto-07.jpg'; 'https://berounska-zahrada.cz/themes/bz/images/foto-02.jpg'; 'https://berounska-zahrada.cz/themes/bz/images/foto-03.jpg'; 'https://berounska-zahrada.cz/themes/bz/images/foto-04.jpg'; 'https://berounska-zahrada.cz/themes/bz/images/foto-05.jpg'; 'https://berounska-zahrada.cz/themes/bz/images/foto-06.jpg'; 'https://berounska-zahrada.cz/themes/bz/images/foto-09.jpg'; 'https://berounska-zahrada.cz/themes/bz/images/foto-10.jpg'; 'https://berounska-zahrada.cz/themes/bz/images/foto-11.jpg'; 'https://berounska-zahrada.cz/themes/bz/images/foto-12.jpg'],https://img.flatzone.cz/e01f0681ed5b3e08/350x200,FLAT,SALE,UNDER_CONSTRUCTION,Beroun Centrum; s.r.o.,Berounská zahrada,D.3.01,PRIVATE,B,ul.Na Dražkách; 266 01 Beroun,['2 + kk'],[2],57.0,TOTAL,None,None,None,57.0,3,{'lat': 49.9588256; 'lon': 14.0631653},{'address': 'Beroun-Město; Beroun; Beroun'; 'country': 'Česko'; 'region': 'Středočeský kraj'; 'district': 'Beroun'; 'city': 'Beroun'; 'borough': None; 'neighborhood': 'Beroun-Město'; 'street': None; 'houseNumber': None},4450000,total,CZK,12.6,None,None,None,None,None
pricelists,6166ea7455f629fe07fb7c3c,None,FREE,None,https://berounska-zahrada.cz/cs/byty/detail/D-3-02,['https://berounska-zahrada.cz/themes/bz/images/galerie-01.jpg'; 'https://berounska-zahrada.cz/themes/bz/images/galerie-02.jpg'; 'https://berounska-zahrada.cz/themes/bz/images/galerie-03.jpg'; 'https://berounska-zahrada.cz/themes/bz/images/foto-01.jpg'; 'https://berounska-zahrada.cz/themes/bz/images/foto-07.jpg'; 'https://berounska-zahrada.cz/themes/bz/images/foto-02.jpg'; 'https://berounska-zahrada.cz/themes/bz/images/foto-03.jpg'; 'https://berounska-zahrada.cz/themes/bz/images/foto-04.jpg'; 'https://berounska-zahrada.cz/themes/bz/images/foto-05.jpg'; 'https://berounska-zahrada.cz/themes/bz/images/foto-06.jpg'; 'https://berounska-zahrada.cz/themes/bz/images/foto-09.jpg'; 'https://berounska-zahrada.cz/themes/bz/images/foto-10.jpg'; 'https://berounska-zahrada.cz/themes/bz/images/foto-11.jpg'; 'https://berounska-zahrada.cz/themes/bz/images/foto-12.jpg'],https://img.flatzone.cz/e01f0681ed5b3e08/350x200,FLAT,SALE,UNDER_CONSTRUCTION,Beroun Centrum; s.r.o.,Berounská zahrada,D.3.02,PRIVATE,B,ul.Na Dražkách; 266 01 Beroun,['3 + kk'],[3],75.0,TOTAL,None,None,None,75.0,3,{'lat': 49.9588256; 'lon': 14.0631653},{'address': 'Beroun-Město; Beroun; Beroun'; 'country': 'Česko'; 'region': 'Středočeský kraj'; 'district': 'Beroun'; 'city': 'Beroun'; 'borough': None; 'neighborhood': 'Beroun-Město'; 'street': None; 'houseNumber': None},5700000,total,CZK,10.5,None,None,None,None,None
pricelists,6166ea7455f629fe07fb7c3e,None,FREE,None,https://berounska-zahrada.cz/cs/byty/detail/D-3-03,['https://berounska-zahrada.cz/themes/bz/images/galerie-01.jpg'; 'https://berounska-zahrada.cz/themes/bz/images/galerie-02.jpg'; 'https://berounska-zahrada.cz/themes/bz/images/galerie-03.jpg'; 'https://berounska-zahrada.cz/themes/bz/images/foto-01.jpg'; 'https://berounska-zahrada.cz/themes/bz/images/foto-07.jpg'; 'https://berounska-zahrada.cz/themes/bz/images/foto-02.jpg'; 'https://berounska-zahrada.cz/themes/bz/images/foto-03.jpg'; 'https://berounska-zahrada.cz/themes/bz/images/foto-04.jpg'; 'https://berounska-zahrada.cz/themes/bz/images/foto-05.jpg'; 'https://berounska-zahrada.cz/themes/bz/images/foto-06.jpg'; 'https://berounska-zahrada.cz/themes/bz/images/foto-09.jpg'; 'https://berounska-zahrada.cz/themes/bz/images/foto-10.jpg'; 'https://berounska-zahrada.cz/themes/bz/images/foto-11.jpg'; 'https://berounska-zahrada.cz/themes/bz/images/foto-12.jpg'],https://img.flatzone.cz/e01f0681ed5b3e08/350x200,FLAT,SALE,UNDER_CONSTRUCTION,Beroun Centrum; s.r.o.,Berounská zahrada,D.3.03,PRIVATE,B,ul.Na Dražkách; 266 01 Beroun,['3 + kk'],[3],75.0,TOTAL,None,None,None,75.0,3,{'lat': 49.9588256; 'lon': 14.0631653},{'address': 'Beroun-Město; Beroun; Beroun'; 'country': 'Česko'; 'region': 'Středočeský kraj'; 'district': 'Beroun'; 'city': 'Beroun'; 'borough': None; 'neighborhood': 'Beroun-Město'; 'street': None; 'houseNumber': None},5700000,total,CZK,10.5,None,None,None,None,None
pricelists,6166ea7455f629fe07fb7c40,None,FREE,None,https://berounska-zahrada.cz/cs/byty/detail/D-4-01,['https://berounska-zahrada.cz/themes/bz/images/galerie-01.jpg'; 'https://berounska-zahrada.cz/themes/bz/images/galerie-02.jpg'; 'https://berounska-zahrada.cz/themes/bz/images/galerie-03.jpg'; 'https://berounska-zahrada.cz/themes/bz/images/foto-01.jpg'; 'https://berounska-zahrada.cz/themes/bz/images/foto-07.jpg'; 'https://berounska-zahrada.cz/themes/bz/images/foto-02.jpg'; 'https://berounska-zahrada.cz/themes/bz/images/foto-03.jpg'; 'https://berounska-zahrada.cz/themes/bz/images/foto-04.jpg'; 'https://berounska-zahrada.cz/themes/bz/images/foto-05.jpg'; 'https://berounska-zahrada.cz/themes/bz/images/foto-06.jpg'; 'https://berounska-zahrada.cz/themes/bz/images/foto-09.jpg'; 'https://berounska-zahrada.cz/themes/bz/images/foto-10.jpg'; 'https://berounska-zahrada.cz/themes/bz/images/foto-11.jpg'; 'https://berounska-zahrada.cz/themes/bz/images/foto-12.jpg'],https://img.flatzone.cz/e01f0681ed5b3e08/350x200,FLAT,SALE,UNDER_CONSTRUCTION,Beroun Centrum; s.r.o.,Berounská zahrada,D.4.01,PRIVATE,B,ul.Na Dražkách; 266 01 Beroun,['2 + kk'],[2],57.0,TOTAL,None,None,None,57.0,4,{'lat': 49.9588256; 'lon': 14.0631653},{'address': 'Beroun-Město; Beroun; Beroun'; 'country': 'Česko'; 'region': 'Středočeský kraj'; 'district': 'Beroun'; 'city': 'Beroun'; 'borough': None; 'neighborhood': 'Beroun-Město'; 'street': None; 'houseNumber': None},4550000,total,CZK,12.6,None,None,None,None,None
pricelists,6166ea7455f629fe07fb7c42,None,FREE,None,https://berounska-zahrada.cz/cs/byty/detail/D-4-02,['https://berounska-zahrada.cz/themes/bz/images/galerie-01.jpg'; 'https://berounska-zahrada.cz/themes/bz/images/galerie-02.jpg'; 'https://berounska-zahrada.cz/themes/bz/images/galerie-03.jpg'; 'https://berounska-zahrada.cz/themes/bz/images/foto-01.jpg'; 'https://berounska-zahrada.cz/themes/bz/images/foto-07.jpg'; 'https://berounska-zahrada.cz/themes/bz/images/foto-02.jpg'; 'https://berounska-zahrada.cz/themes/bz/images/foto-03.jpg'; 'https://berounska-zahrada.cz/themes/bz/images/foto-04.jpg'; 'https://berounska-zahrada.cz/themes/bz/images/foto-05.jpg'; 'https://berounska-zahrada.cz/themes/bz/images/foto-06.jpg'; 'https://berounska-zahrada.cz/themes/bz/images/foto-09.jpg'; 'https://berounska-zahrada.cz/themes/bz/images/foto-10.jpg'; 'https://berounska-zahrada.cz/themes/bz/images/foto-11.jpg'; 'https://berounska-zahrada.cz/themes/bz/images/foto-12.jpg'],https://img.flatzone.cz/e01f0681ed5b3e08/350x200,FLAT,SALE,UNDER_CONSTRUCTION,Beroun Centrum; s.r.o.,Berounská zahrada,D.4.02,PRIVATE,B,ul.Na Dražkách; 266 01 Beroun,['3 + kk'],[3],75.0,TOTAL,None,None,None,75.0,4,{'lat': 49.9588256; 'lon': 14.0631653},{'address': 'Beroun-Město; Beroun; Beroun'; 'country': 'Česko'; 'region': 'Středočeský kraj'; 'district': 'Beroun'; 'city': 'Beroun'; 'borough': None; 'neighborhood': 'Beroun-Město'; 'street': None; 'houseNumber': None},5900000,total,CZK,10.5,None,None,None,None,None
pricelists,6166ea7455f629fe07fb7c44,None,FREE,None,https://berounska-zahrada.cz/cs/byty/detail/E-1-01,['https://berounska-zahrada.cz/themes/bz/images/galerie-01.jpg'; 'https://berounska-zahrada.cz/themes/bz/images/galerie-02.jpg'; 'https://berounska-zahrada.cz/themes/bz/images/galerie-03.jpg'; 'https://berounska-zahrada.cz/themes/bz/images/foto-01.jpg'; 'https://berounska-zahrada.cz/themes/bz/images/foto-07.jpg'; 'https://berounska-zahrada.cz/themes/bz/images/foto-02.jpg'; 'https://berounska-zahrada.cz/themes/bz/images/foto-03.jpg'; 'https://berounska-zahrada.cz/themes/bz/images/foto-04.jpg'; 'https://berounska-zahrada.cz/themes/bz/images/foto-05.jpg'; 'https://berounska-zahrada.cz/themes/bz/images/foto-06.jpg'; 'https://berounska-zahrada.cz/themes/bz/images/foto-09.jpg'; 'https://berounska-zahrada.cz/themes/bz/images/foto-10.jpg'; 'https://berounska-zahrada.cz/themes/bz/images/foto-11.jpg'; 'https://berounska-zahrada.cz/themes/bz/images/foto-12.jpg'],https://img.flatzone.cz/e01f0681ed5b3e08/350x200,FLAT,SALE,UNDER_CONSTRUCTION,Beroun Centrum; s.r.o.,Berounská zahrada,E.1.01,PRIVATE,B,ul.Na Dražkách; 266 01 Beroun,['2 + kk'],[2],48.0,TOTAL,None,None,None,48.0,1,{'lat': 49.9588256; 'lon': 14.0631653},{'address': 'Beroun-Město; Beroun; Beroun'; 'country': 'Česko'; 'region': 'Středočeský kraj'; 'district': 'Beroun'; 'city': 'Beroun'; 'borough': None; 'neighborhood': 'Beroun-Město'; 'street': None; 'houseNumber': None},4250000,total,CZK,4.0,None,None,None,None,None
pricelists,6166ea7455f629fe07fb7c46,None,FREE,None,https://berounska-zahrada.cz/cs/byty/detail/D-4-03,['https://berounska-zahrada.cz/themes/bz/images/galerie-01.jpg'; 'https://berounska-zahrada.cz/themes/bz/images/galerie-02.jpg'; 'https://berounska-zahrada.cz/themes/bz/images/galerie-03.jpg'; 'https://berounska-zahrada.cz/themes/bz/images/foto-01.jpg'; 'https://berounska-zahrada.cz/themes/bz/images/foto-07.jpg'; 'https://berounska-zahrada.cz/themes/bz/images/foto-02.jpg'; 'https://berounska-zahrada.cz/themes/bz/images/foto-03.jpg'; 'https://berounska-zahrada.cz/themes/bz/images/foto-04.jpg'; 'https://berounska-zahrada.cz/themes/bz/images/foto-05.jpg'; 'https://berounska-zahrada.cz/themes/bz/images/foto-06.jpg'; 'https://berounska-zahrada.cz/themes/bz/images/foto-09.jpg'; 'https://berounska-zahrada.cz/themes/bz/images/foto-10.jpg'; 'https://berounska-zahrada.cz/themes/bz/images/foto-11.jpg'; 'https://berounska-zahrada.cz/themes/bz/images/foto-12.jpg'],https://img.flatzone.cz/e01f0681ed5b3e08/350x200,FLAT,SALE,UNDER_CONSTRUCTION,Beroun Centrum; s.r.o.,Berounská zahrada,D.4.03,PRIVATE,B,ul.Na Dražkách; 266 01 Beroun,['3 + kk'],[3],75.0,TOTAL,None,None,None,75.0,4,{'lat': 49.9588256; 'lon': 14.0631653},{'address': 'Beroun-Město; Beroun; Beroun'; 'country': 'Česko'; 'region': 'Středočeský kraj'; 'district': 'Beroun'; 'city': 'Beroun'; 'borough': None; 'neighborhood': 'Beroun-Město'; 'street': None; 'houseNumber': None},5900000,total,CZK,10.5,None,None,None,None,None
pricelists,6166ea7455f629fe07fb7c48,None,FREE,None,https://berounska-zahrada.cz/cs/byty/detail/E-1-02,['https://berounska-zahrada.cz/themes/bz/images/galerie-01.jpg'; 'https://berounska-zahrada.cz/themes/bz/images/galerie-02.jpg'; 'https://berounska-zahrada.cz/themes/bz/images/galerie-03.jpg'; 'https://berounska-zahrada.cz/themes/bz/images/foto-01.jpg'; 'https://berounska-zahrada.cz/themes/bz/images/foto-07.jpg'; 'https://berounska-zahrada.cz/themes/bz/images/foto-02.jpg'; 'https://berounska-zahrada.cz/themes/bz/images/foto-03.jpg'; 'https://berounska-zahrada.cz/themes/bz/images/foto-04.jpg'; 'https://berounska-zahrada.cz/themes/bz/images/foto-05.jpg'; 'https://berounska-zahrada.cz/themes/bz/images/foto-06.jpg'; 'https://berounska-zahrada.cz/themes/bz/images/foto-09.jpg'; 'https://berounska-zahrada.cz/themes/bz/images/foto-10.jpg'; 'https://berounska-zahrada.cz/themes/bz/images/foto-11.jpg'; 'https://berounska-zahrada.cz/themes/bz/images/foto-12.jpg'],https://img.flatzone.cz/e01f0681ed5b3e08/350x200,FLAT,SALE,UNDER_CONSTRUCTION,Beroun Centrum; s.r.o.,Berounská zahrada,E.1.02,PRIVATE,B,ul.Na Dražkách; 266 01 Beroun,['2 + kk'],[2],44.0,TOTAL,None,None,None,44.0,1,{'lat': 49.9588256; 'lon': 14.0631653},{'address': 'Beroun-Město; Beroun; Beroun'; 'country': 'Česko'; 'region': 'Středočeský kraj'; 'district': 'Beroun'; 'city': 'Beroun'; 'borough': None; 'neighborhood': 'Beroun-Město'; 'street': None; 'houseNumber': None},4100000,total,CZK,4.0,None,None,None,None,None
pricelists,6166ea7455f629fe07fb7c4a,None,FREE,None,https://berounska-zahrada.cz/cs/byty/detail/E-1-03,['https://berounska-zahrada.cz/themes/bz/images/galerie-01.jpg'; 'https://berounska-zahrada.cz/themes/bz/images/galerie-02.jpg'; 'https://berounska-zahrada.cz/themes/bz/images/galerie-03.jpg'; 'https://berounska-zahrada.cz/themes/bz/images/foto-01.jpg'; 'https://berounska-zahrada.cz/themes/bz/images/foto-07.jpg'; 'https://berounska-zahrada.cz/themes/bz/images/foto-02.jpg'; 'https://berounska-zahrada.cz/themes/bz/images/foto-03.jpg'; 'https://berounska-zahrada.cz/themes/bz/images/foto-04.jpg'; 'https://berounska-zahrada.cz/themes/bz/images/foto-05.jpg'; 'https://berounska-zahrada.cz/themes/bz/images/foto-06.jpg'; 'https://berounska-zahrada.cz/themes/bz/images/foto-09.jpg'; 'https://berounska-zahrada.cz/themes/bz/images/foto-10.jpg'; 'https://berounska-zahrada.cz/themes/bz/images/foto-11.jpg'; 'https://berounska-zahrada.cz/themes/bz/images/foto-12.jpg'],https://img.flatzone.cz/e01f0681ed5b3e08/350x200,FLAT,SALE,UNDER_CONSTRUCTION,Beroun Centrum; s.r.o.,Berounská zahrada,E.1.03,PRIVATE,B,ul.Na Dražkách; 266 01 Beroun,['2 + kk'],[2],50.0,TOTAL,None,None,None,50.0,1,{'lat': 49.9588256; 'lon': 14.0631653},{'address': 'Beroun-Město; Beroun; Beroun'; 'country': 'Česko'; 'region': 'Středočeský kraj'; 'district': 'Beroun'; 'city': 'Beroun'; 'borough': None; 'neighborhood': 'Beroun-Město'; 'street': None; 'houseNumber': None},4250000,total,CZK,10.5,None,None,None,None,None
pricelists,6166ea7455f629fe07fb7c4c,None,FREE,None,https://berounska-zahrada.cz/cs/byty/detail/E-1-04,['https://berounska-zahrada.cz/themes/bz/images/galerie-01.jpg'; 'https://berounska-zahrada.cz/themes/bz/images/galerie-02.jpg'; 'https://berounska-zahrada.cz/themes/bz/images/galerie-03.jpg'; 'https://berounska-zahrada.cz/themes/bz/images/foto-01.jpg'; 'https://berounska-zahrada.cz/themes/bz/images/foto-07.jpg'; 'https://berounska-zahrada.cz/themes/bz/images/foto-02.jpg'; 'https://berounska-zahrada.cz/themes/bz/images/foto-03.jpg'; 'https://berounska-zahrada.cz/themes/bz/images/foto-04.jpg'; 'https://berounska-zahrada.cz/themes/bz/images/foto-05.jpg'; 'https://berounska-zahrada.cz/themes/bz/images/foto-06.jpg'; 'https://berounska-zahrada.cz/themes/bz/images/foto-09.jpg'; 'https://berounska-zahrada.cz/themes/bz/images/foto-10.jpg'; 'https://berounska-zahrada.cz/themes/bz/images/foto-11.jpg'; 'https://berounska-zahrada.cz/themes/bz/images/foto-12.jpg'],https://img.flatzone.cz/e01f0681ed5b3e08/350x200,FLAT,SALE,UNDER_CONSTRUCTION,Beroun Centrum; s.r.o.,Berounská zahrada,E.1.04,PRIVATE,B,ul.Na Dražkách; 266 01 Beroun,['2 + kk'],[2],50.0,TOTAL,None,None,None,50.0,1,{'lat': 49.9588256; 'lon': 14.0631653},{'address': 'Beroun-Město; Beroun; Beroun'; 'country': 'Česko'; 'region': 'Středočeský kraj'; 'district': 'Beroun'; 'city': 'Beroun'; 'borough': None; 'neighborhood': 'Beroun-Město'; 'street': None; 'houseNumber': None},4250000,total,CZK,10.5,None,None,None,None,None
pricelists,6166ea7455f629fe07fb7c4e,None,FREE,None,https://berounska-zahrada.cz/cs/byty/detail/E-2-01,['https://berounska-zahrada.cz/themes/bz/images/galerie-01.jpg'; 'https://berounska-zahrada.cz/themes/bz/images/galerie-02.jpg'; 'https://berounska-zahrada.cz/themes/bz/images/galerie-03.jpg'; 'https://berounska-zahrada.cz/themes/bz/images/foto-01.jpg'; 'https://berounska-zahrada.cz/themes/bz/images/foto-07.jpg'; 'https://berounska-zahrada.cz/themes/bz/images/foto-02.jpg'; 'https://berounska-zahrada.cz/themes/bz/images/foto-03.jpg'; 'https://berounska-zahrada.cz/themes/bz/images/foto-04.jpg'; 'https://berounska-zahrada.cz/themes/bz/images/foto-05.jpg'; 'https://berounska-zahrada.cz/themes/bz/images/foto-06.jpg'; 'https://berounska-zahrada.cz/themes/bz/images/foto-09.jpg'; 'https://berounska-zahrada.cz/themes/bz/images/foto-10.jpg'; 'https://berounska-zahrada.cz/themes/bz/images/foto-11.jpg'; 'https://berounska-zahrada.cz/themes/bz/images/foto-12.jpg'],https://img.flatzone.cz/e01f0681ed5b3e08/350x200,FLAT,SALE,UNDER_CONSTRUCTION,Beroun Centrum; s.r.o.,Berounská zahrada,E.2.01,PRIVATE,B,ul.Na Dražkách; 266 01 Beroun,['2 + kk'],[2],57.0,TOTAL,None,None,None,57.0,2,{'lat': 49.9588256; 'lon': 14.0631653},{'address': 'Beroun-Město; Beroun; Beroun'; 'country': 'Česko'; 'region': 'Středočeský kraj'; 'district': 'Beroun'; 'city': 'Beroun'; 'borough': None; 'neighborhood': 'Beroun-Město'; 'street': None; 'houseNumber': None},4350000,total,CZK,12.6,None,None,None,None,None
pricelists,6166ea7455f629fe07fb7c50,None,RESERVED,None,https://berounska-zahrada.cz/cs/byty/,['https://berounska-zahrada.cz/themes/bz/images/galerie-01.jpg'; 'https://berounska-zahrada.cz/themes/bz/images/galerie-02.jpg'; 'https://berounska-zahrada.cz/themes/bz/images/galerie-03.jpg'; 'https://berounska-zahrada.cz/themes/bz/images/foto-01.jpg'; 'https://berounska-zahrada.cz/themes/bz/images/foto-07.jpg'; 'https://berounska-zahrada.cz/themes/bz/images/foto-02.jpg'; 'https://berounska-zahrada.cz/themes/bz/images/foto-03.jpg'; 'https://berounska-zahrada.cz/themes/bz/images/foto-04.jpg'; 'https://berounska-zahrada.cz/themes/bz/images/foto-05.jpg'; 'https://berounska-zahrada.cz/themes/bz/images/foto-06.jpg'; 'https://berounska-zahrada.cz/themes/bz/images/foto-09.jpg'; 'https://berounska-zahrada.cz/themes/bz/images/foto-10.jpg'; 'https://berounska-zahrada.cz/themes/bz/images/foto-11.jpg'; 'https://berounska-zahrada.cz/themes/bz/images/foto-12.jpg'],https://img.flatzone.cz/e01f0681ed5b3e08/350x200,FLAT,SALE,UNDER_CONSTRUCTION,Beroun Centrum; s.r.o.,Berounská zahrada,E.2.02,PRIVATE,B,ul.Na Dražkách; 266 01 Beroun,['3 + kk'],[3],75.0,TOTAL,None,None,None,75.0,2,{'lat': 49.9588256; 'lon': 14.0631653},{'address': 'Beroun-Město; Beroun; Beroun'; 'country': 'Česko'; 'region': 'Středočeský kraj'; 'district': 'Beroun'; 'city': 'Beroun'; 'borough': None; 'neighborhood': 'Beroun-Město'; 'street': None; 'houseNumber': None},5500000,total,CZK,10.5,None,None,None,None,None
pricelists,6166ea7455f629fe07fb7c52,None,FREE,None,https://berounska-zahrada.cz/cs/byty/detail/E-2-03,['https://berounska-zahrada.cz/themes/bz/images/galerie-01.jpg'; 'https://berounska-zahrada.cz/themes/bz/images/galerie-02.jpg'; 'https://berounska-zahrada.cz/themes/bz/images/galerie-03.jpg'; 'https://berounska-zahrada.cz/themes/bz/images/foto-01.jpg'; 'https://berounska-zahrada.cz/themes/bz/images/foto-07.jpg'; 'https://berounska-zahrada.cz/themes/bz/images/foto-02.jpg'; 'https://berounska-zahrada.cz/themes/bz/images/foto-03.jpg'; 'https://berounska-zahrada.cz/themes/bz/images/foto-04.jpg'; 'https://berounska-zahrada.cz/themes/bz/images/foto-05.jpg'; 'https://berounska-zahrada.cz/themes/bz/images/foto-06.jpg'; 'https://berounska-zahrada.cz/themes/bz/images/foto-09.jpg'; 'https://berounska-zahrada.cz/themes/bz/images/foto-10.jpg'; 'https://berounska-zahrada.cz/themes/bz/images/foto-11.jpg'; 'https://berounska-zahrada.cz/themes/bz/images/foto-12.jpg'],https://img.flatzone.cz/e01f0681ed5b3e08/350x200,FLAT,SALE,UNDER_CONSTRUCTION,Beroun Centrum; s.r.o.,Berounská zahrada,E.2.03,PRIVATE,B,ul.Na Dražkách; 266 01 Beroun,['3 + kk'],[3],75.0,TOTAL,None,None,None,75.0,2,{'lat': 49.9588256; 'lon': 14.0631653},{'address': 'Beroun-Město; Beroun; Beroun'; 'country': 'Česko'; 'region': 'Středočeský kraj'; 'district': 'Beroun'; 'city': 'Beroun'; 'borough': None; 'neighborhood': 'Beroun-Město'; 'street': None; 'houseNumber': None},5500000,total,CZK,10.5,None,None,None,None,None
pricelists,6166ea7455f629fe07fb7c54,None,RESERVED,None,https://berounska-zahrada.cz/cs/byty/,['https://berounska-zahrada.cz/themes/bz/images/galerie-01.jpg'; 'https://berounska-zahrada.cz/themes/bz/images/galerie-02.jpg'; 'https://berounska-zahrada.cz/themes/bz/images/galerie-03.jpg'; 'https://berounska-zahrada.cz/themes/bz/images/foto-01.jpg'; 'https://berounska-zahrada.cz/themes/bz/images/foto-07.jpg'; 'https://berounska-zahrada.cz/themes/bz/images/foto-02.jpg'; 'https://berounska-zahrada.cz/themes/bz/images/foto-03.jpg'; 'https://berounska-zahrada.cz/themes/bz/images/foto-04.jpg'; 'https://berounska-zahrada.cz/themes/bz/images/foto-05.jpg'; 'https://berounska-zahrada.cz/themes/bz/images/foto-06.jpg'; 'https://berounska-zahrada.cz/themes/bz/images/foto-09.jpg'; 'https://berounska-zahrada.cz/themes/bz/images/foto-10.jpg'; 'https://berounska-zahrada.cz/themes/bz/images/foto-11.jpg'; 'https://berounska-zahrada.cz/themes/bz/images/foto-12.jpg'],https://img.flatzone.cz/e01f0681ed5b3e08/350x200,FLAT,SALE,UNDER_CONSTRUCTION,Beroun Centrum; s.r.o.,Berounská zahrada,E.3.01,PRIVATE,B,ul.Na Dražkách; 266 01 Beroun,['2 + kk'],[2],57.0,TOTAL,None,None,None,57.0,3,{'lat': 49.9588256; 'lon': 14.0631653},{'address': 'Beroun-Město; Beroun; Beroun'; 'country': 'Česko'; 'region': 'Středočeský kraj'; 'district': 'Beroun'; 'city': 'Beroun'; 'borough': None; 'neighborhood': 'Beroun-Město'; 'street': None; 'houseNumber': None},4450000,total,CZK,12.6,None,None,None,None,None
pricelists,6166ea7455f629fe07fb7c56,None,FREE,None,https://berounska-zahrada.cz/cs/byty/detail/E-3-02,['https://berounska-zahrada.cz/themes/bz/images/galerie-01.jpg'; 'https://berounska-zahrada.cz/themes/bz/images/galerie-02.jpg'; 'https://berounska-zahrada.cz/themes/bz/images/galerie-03.jpg'; 'https://berounska-zahrada.cz/themes/bz/images/foto-01.jpg'; 'https://berounska-zahrada.cz/themes/bz/images/foto-07.jpg'; 'https://berounska-zahrada.cz/themes/bz/images/foto-02.jpg'; 'https://berounska-zahrada.cz/themes/bz/images/foto-03.jpg'; 'https://berounska-zahrada.cz/themes/bz/images/foto-04.jpg'; 'https://berounska-zahrada.cz/themes/bz/images/foto-05.jpg'; 'https://berounska-zahrada.cz/themes/bz/images/foto-06.jpg'; 'https://berounska-zahrada.cz/themes/bz/images/foto-09.jpg'; 'https://berounska-zahrada.cz/themes/bz/images/foto-10.jpg'; 'https://berounska-zahrada.cz/themes/bz/images/foto-11.jpg'; 'https://berounska-zahrada.cz/themes/bz/images/foto-12.jpg'],https://img.flatzone.cz/e01f0681ed5b3e08/350x200,FLAT,SALE,UNDER_CONSTRUCTION,Beroun Centrum; s.r.o.,Berounská zahrada,E.3.02,PRIVATE,B,ul.Na Dražkách; 266 01 Beroun,['3 + kk'],[3],75.0,TOTAL,None,None,None,75.0,3,{'lat': 49.9588256; 'lon': 14.0631653},{'address': 'Beroun-Město; Beroun; Beroun'; 'country': 'Česko'; 'region': 'Středočeský kraj'; 'district': 'Beroun'; 'city': 'Beroun'; 'borough': None; 'neighborhood': 'Beroun-Město'; 'street': None; 'houseNumber': None},5700000,total,CZK,10.5,None,None,None,None,None
pricelists,6166ea7455f629fe07fb7c58,None,FREE,None,https://berounska-zahrada.cz/cs/byty/detail/E-3-03,['https://berounska-zahrada.cz/themes/bz/images/galerie-01.jpg'; 'https://berounska-zahrada.cz/themes/bz/images/galerie-02.jpg'; 'https://berounska-zahrada.cz/themes/bz/images/galerie-03.jpg'; 'https://berounska-zahrada.cz/themes/bz/images/foto-01.jpg'; 'https://berounska-zahrada.cz/themes/bz/images/foto-07.jpg'; 'https://berounska-zahrada.cz/themes/bz/images/foto-02.jpg'; 'https://berounska-zahrada.cz/themes/bz/images/foto-03.jpg'; 'https://berounska-zahrada.cz/themes/bz/images/foto-04.jpg'; 'https://berounska-zahrada.cz/themes/bz/images/foto-05.jpg'; 'https://berounska-zahrada.cz/themes/bz/images/foto-06.jpg'; 'https://berounska-zahrada.cz/themes/bz/images/foto-09.jpg'; 'https://berounska-zahrada.cz/themes/bz/images/foto-10.jpg'; 'https://berounska-zahrada.cz/themes/bz/images/foto-11.jpg'; 'https://berounska-zahrada.cz/themes/bz/images/foto-12.jpg'],https://img.flatzone.cz/e01f0681ed5b3e08/350x200,FLAT,SALE,UNDER_CONSTRUCTION,Beroun Centrum; s.r.o.,Berounská zahrada,E.3.03,PRIVATE,B,ul.Na Dražkách; 266 01 Beroun,['3 + kk'],[3],75.0,TOTAL,None,None,None,75.0,3,{'lat': 49.9588256; 'lon': 14.0631653},{'address': 'Beroun-Město; Beroun; Beroun'; 'country': 'Česko'; 'region': 'Středočeský kraj'; 'district': 'Beroun'; 'city': 'Beroun'; 'borough': None; 'neighborhood': 'Beroun-Město'; 'street': None; 'houseNumber': None},5700000,total,CZK,10.5,None,None,None,None,None
pricelists,6166ea7455f629fe07fb7c5a,None,FREE,None,https://berounska-zahrada.cz/cs/byty/detail/E-4-01,['https://berounska-zahrada.cz/themes/bz/images/galerie-01.jpg'; 'https://berounska-zahrada.cz/themes/bz/images/galerie-02.jpg'; 'https://berounska-zahrada.cz/themes/bz/images/galerie-03.jpg'; 'https://berounska-zahrada.cz/themes/bz/images/foto-01.jpg'; 'https://berounska-zahrada.cz/themes/bz/images/foto-07.jpg'; 'https://berounska-zahrada.cz/themes/bz/images/foto-02.jpg'; 'https://berounska-zahrada.cz/themes/bz/images/foto-03.jpg'; 'https://berounska-zahrada.cz/themes/bz/images/foto-04.jpg'; 'https://berounska-zahrada.cz/themes/bz/images/foto-05.jpg'; 'https://berounska-zahrada.cz/themes/bz/images/foto-06.jpg'; 'https://berounska-zahrada.cz/themes/bz/images/foto-09.jpg'; 'https://berounska-zahrada.cz/themes/bz/images/foto-10.jpg'; 'https://berounska-zahrada.cz/themes/bz/images/foto-11.jpg'; 'https://berounska-zahrada.cz/themes/bz/images/foto-12.jpg'],https://img.flatzone.cz/e01f0681ed5b3e08/350x200,FLAT,SALE,UNDER_CONSTRUCTION,Beroun Centrum; s.r.o.,Berounská zahrada,E.4.01,PRIVATE,B,ul.Na Dražkách; 266 01 Beroun,['2 + kk'],[2],57.0,TOTAL,None,None,None,57.0,4,{'lat': 49.9588256; 'lon': 14.0631653},{'address': 'Beroun-Město; Beroun; Beroun'; 'country': 'Česko'; 'region': 'Středočeský kraj'; 'district': 'Beroun'; 'city': 'Beroun'; 'borough': None; 'neighborhood': 'Beroun-Město'; 'street': None; 'houseNumber': None},4550000,total,CZK,12.6,None,None,None,None,None
pricelists,6166ea7455f629fe07fb7c5c,None,RESERVED,None,https://berounska-zahrada.cz/cs/byty/,['https://berounska-zahrada.cz/themes/bz/images/galerie-01.jpg'; 'https://berounska-zahrada.cz/themes/bz/images/galerie-02.jpg'; 'https://berounska-zahrada.cz/themes/bz/images/galerie-03.jpg'; 'https://berounska-zahrada.cz/themes/bz/images/foto-01.jpg'; 'https://berounska-zahrada.cz/themes/bz/images/foto-07.jpg'; 'https://berounska-zahrada.cz/themes/bz/images/foto-02.jpg'; 'https://berounska-zahrada.cz/themes/bz/images/foto-03.jpg'; 'https://berounska-zahrada.cz/themes/bz/images/foto-04.jpg'; 'https://berounska-zahrada.cz/themes/bz/images/foto-05.jpg'; 'https://berounska-zahrada.cz/themes/bz/images/foto-06.jpg'; 'https://berounska-zahrada.cz/themes/bz/images/foto-09.jpg'; 'https://berounska-zahrada.cz/themes/bz/images/foto-10.jpg'; 'https://berounska-zahrada.cz/themes/bz/images/foto-11.jpg'; 'https://berounska-zahrada.cz/themes/bz/images/foto-12.jpg'],https://img.flatzone.cz/e01f0681ed5b3e08/350x200,FLAT,SALE,UNDER_CONSTRUCTION,Beroun Centrum; s.r.o.,Berounská zahrada,E.4.02,PRIVATE,B,ul.Na Dražkách; 266 01 Beroun,['3 + kk'],[3],75.0,TOTAL,None,None,None,75.0,4,{'lat': 49.9588256; 'lon': 14.0631653},{'address': 'Beroun-Město; Beroun; Beroun'; 'country': 'Česko'; 'region': 'Středočeský kraj'; 'district': 'Beroun'; 'city': 'Beroun'; 'borough': None; 'neighborhood': 'Beroun-Město'; 'street': None; 'houseNumber': None},5900000,total,CZK,10.5,None,None,None,None,None
pricelists,6166ea7455f629fe07fb7c60,None,FREE,None,https://berounska-zahrada.cz/cs/byty/detail/F-1-01,['https://berounska-zahrada.cz/themes/bz/images/galerie-01.jpg'; 'https://berounska-zahrada.cz/themes/bz/images/galerie-02.jpg'; 'https://berounska-zahrada.cz/themes/bz/images/galerie-03.jpg'; 'https://berounska-zahrada.cz/themes/bz/images/foto-01.jpg'; 'https://berounska-zahrada.cz/themes/bz/images/foto-07.jpg'; 'https://berounska-zahrada.cz/themes/bz/images/foto-02.jpg'; 'https://berounska-zahrada.cz/themes/bz/images/foto-03.jpg'; 'https://berounska-zahrada.cz/themes/bz/images/foto-04.jpg'; 'https://berounska-zahrada.cz/themes/bz/images/foto-05.jpg'; 'https://berounska-zahrada.cz/themes/bz/images/foto-06.jpg'; 'https://berounska-zahrada.cz/themes/bz/images/foto-09.jpg'; 'https://berounska-zahrada.cz/themes/bz/images/foto-10.jpg'; 'https://berounska-zahrada.cz/themes/bz/images/foto-11.jpg'; 'https://berounska-zahrada.cz/themes/bz/images/foto-12.jpg'],https://img.flatzone.cz/e01f0681ed5b3e08/350x200,FLAT,SALE,UNDER_CONSTRUCTION,Beroun Centrum; s.r.o.,Berounská zahrada,F.1.01,PRIVATE,B,ul.Na Dražkách; 266 01 Beroun,['2 + kk'],[2],46.0,TOTAL,None,None,None,46.0,1,{'lat': 49.9588256; 'lon': 14.0631653},{'address': 'Beroun-Město; Beroun; Beroun'; 'country': 'Česko'; 'region': 'Středočeský kraj'; 'district': 'Beroun'; 'city': 'Beroun'; 'borough': None; 'neighborhood': 'Beroun-Město'; 'street': None; 'houseNumber': None},3950000,total,CZK,10.5,None,None,None,None,None
pricelists,6166ea7455f629fe07fb7c62,None,FREE,None,https://berounska-zahrada.cz/cs/byty/detail/F-1-02,['https://berounska-zahrada.cz/themes/bz/images/galerie-01.jpg'; 'https://berounska-zahrada.cz/themes/bz/images/galerie-02.jpg'; 'https://berounska-zahrada.cz/themes/bz/images/galerie-03.jpg'; 'https://berounska-zahrada.cz/themes/bz/images/foto-01.jpg'; 'https://berounska-zahrada.cz/themes/bz/images/foto-07.jpg'; 'https://berounska-zahrada.cz/themes/bz/images/foto-02.jpg'; 'https://berounska-zahrada.cz/themes/bz/images/foto-03.jpg'; 'https://berounska-zahrada.cz/themes/bz/images/foto-04.jpg'; 'https://berounska-zahrada.cz/themes/bz/images/foto-05.jpg'; 'https://berounska-zahrada.cz/themes/bz/images/foto-06.jpg'; 'https://berounska-zahrada.cz/themes/bz/images/foto-09.jpg'; 'https://berounska-zahrada.cz/themes/bz/images/foto-10.jpg'; 'https://berounska-zahrada.cz/themes/bz/images/foto-11.jpg'; 'https://berounska-zahrada.cz/themes/bz/images/foto-12.jpg'],https://img.flatzone.cz/e01f0681ed5b3e08/350x200,FLAT,SALE,UNDER_CONSTRUCTION,Beroun Centrum; s.r.o.,Berounská zahrada,F.1.02,PRIVATE,B,ul.Na Dražkách; 266 01 Beroun,['2 + kk'],[2],46.0,TOTAL,None,None,None,46.0,1,{'lat': 49.9588256; 'lon': 14.0631653},{'address': 'Beroun-Město; Beroun; Beroun'; 'country': 'Česko'; 'region': 'Středočeský kraj'; 'district': 'Beroun'; 'city': 'Beroun'; 'borough': None; 'neighborhood': 'Beroun-Město'; 'street': None; 'houseNumber': None},3950000,total,CZK,10.5,None,None,None,None,None
pricelists,6166ea7455f629fe07fb7c64,None,FREE,None,https://berounska-zahrada.cz/cs/byty/detail/F-1-03,['https://berounska-zahrada.cz/themes/bz/images/galerie-01.jpg'; 'https://berounska-zahrada.cz/themes/bz/images/galerie-02.jpg'; 'https://berounska-zahrada.cz/themes/bz/images/galerie-03.jpg'; 'https://berounska-zahrada.cz/themes/bz/images/foto-01.jpg'; 'https://berounska-zahrada.cz/themes/bz/images/foto-07.jpg'; 'https://berounska-zahrada.cz/themes/bz/images/foto-02.jpg'; 'https://berounska-zahrada.cz/themes/bz/images/foto-03.jpg'; 'https://berounska-zahrada.cz/themes/bz/images/foto-04.jpg'; 'https://berounska-zahrada.cz/themes/bz/images/foto-05.jpg'; 'https://berounska-zahrada.cz/themes/bz/images/foto-06.jpg'; 'https://berounska-zahrada.cz/themes/bz/images/foto-09.jpg'; 'https://berounska-zahrada.cz/themes/bz/images/foto-10.jpg'; 'https://berounska-zahrada.cz/themes/bz/images/foto-11.jpg'; 'https://berounska-zahrada.cz/themes/bz/images/foto-12.jpg'],https://img.flatzone.cz/e01f0681ed5b3e08/350x200,FLAT,SALE,UNDER_CONSTRUCTION,Beroun Centrum; s.r.o.,Berounská zahrada,F.1.03,PRIVATE,B,ul.Na Dražkách; 266 01 Beroun,['2 + kk'],[2],44.0,TOTAL,None,None,None,44.0,1,{'lat': 49.9588256; 'lon': 14.0631653},{'address': 'Beroun-Město; Beroun; Beroun'; 'country': 'Česko'; 'region': 'Středočeský kraj'; 'district': 'Beroun'; 'city': 'Beroun'; 'borough': None; 'neighborhood': 'Beroun-Město'; 'street': None; 'houseNumber': None},4050000,total,CZK,4.0,None,None,None,None,None
pricelists,6166ea7455f629fe07fb7c66,None,FREE,None,https://berounska-zahrada.cz/cs/byty/detail/F-1-04,['https://berounska-zahrada.cz/themes/bz/images/galerie-01.jpg'; 'https://berounska-zahrada.cz/themes/bz/images/galerie-02.jpg'; 'https://berounska-zahrada.cz/themes/bz/images/galerie-03.jpg'; 'https://berounska-zahrada.cz/themes/bz/images/foto-01.jpg'; 'https://berounska-zahrada.cz/themes/bz/images/foto-07.jpg'; 'https://berounska-zahrada.cz/themes/bz/images/foto-02.jpg'; 'https://berounska-zahrada.cz/themes/bz/images/foto-03.jpg'; 'https://berounska-zahrada.cz/themes/bz/images/foto-04.jpg'; 'https://berounska-zahrada.cz/themes/bz/images/foto-05.jpg'; 'https://berounska-zahrada.cz/themes/bz/images/foto-06.jpg'; 'https://berounska-zahrada.cz/themes/bz/images/foto-09.jpg'; 'https://berounska-zahrada.cz/themes/bz/images/foto-10.jpg'; 'https://berounska-zahrada.cz/themes/bz/images/foto-11.jpg'; 'https://berounska-zahrada.cz/themes/bz/images/foto-12.jpg'],https://img.flatzone.cz/e01f0681ed5b3e08/350x200,FLAT,SALE,UNDER_CONSTRUCTION,Beroun Centrum; s.r.o.,Berounská zahrada,F.1.04,PRIVATE,B,ul.Na Dražkách; 266 01 Beroun,['2 + kk'],[2],51.0,TOTAL,None,None,None,51.0,1,{'lat': 49.9588256; 'lon': 14.0631653},{'address': 'Beroun-Město; Beroun; Beroun'; 'country': 'Česko'; 'region': 'Středočeský kraj'; 'district': 'Beroun'; 'city': 'Beroun'; 'borough': None; 'neighborhood': 'Beroun-Město'; 'street': None; 'houseNumber': None},4250000,total,CZK,4.0,None,None,None,None,None
pricelists,6166ea7455f629fe07fb7c6a,None,FREE,None,https://berounska-zahrada.cz/cs/byty/detail/F-2-03,['https://berounska-zahrada.cz/themes/bz/images/galerie-01.jpg'; 'https://berounska-zahrada.cz/themes/bz/images/galerie-02.jpg'; 'https://berounska-zahrada.cz/themes/bz/images/galerie-03.jpg'; 'https://berounska-zahrada.cz/themes/bz/images/foto-01.jpg'; 'https://berounska-zahrada.cz/themes/bz/images/foto-07.jpg'; 'https://berounska-zahrada.cz/themes/bz/images/foto-02.jpg'; 'https://berounska-zahrada.cz/themes/bz/images/foto-03.jpg'; 'https://berounska-zahrada.cz/themes/bz/images/foto-04.jpg'; 'https://berounska-zahrada.cz/themes/bz/images/foto-05.jpg'; 'https://berounska-zahrada.cz/themes/bz/images/foto-06.jpg'; 'https://berounska-zahrada.cz/themes/bz/images/foto-09.jpg'; 'https://berounska-zahrada.cz/themes/bz/images/foto-10.jpg'; 'https://berounska-zahrada.cz/themes/bz/images/foto-11.jpg'; 'https://berounska-zahrada.cz/themes/bz/images/foto-12.jpg'],https://img.flatzone.cz/e01f0681ed5b3e08/350x200,FLAT,SALE,UNDER_CONSTRUCTION,Beroun Centrum; s.r.o.,Berounská zahrada,F.2.03,PRIVATE,B,ul.Na Dražkách; 266 01 Beroun,['3 + kk'],[3],72.0,TOTAL,None,None,None,72.0,2,{'lat': 49.9588256; 'lon': 14.0631653},{'address': 'Beroun-Město; Beroun; Beroun'; 'country': 'Česko'; 'region': 'Středočeský kraj'; 'district': 'Beroun'; 'city': 'Beroun'; 'borough': None; 'neighborhood': 'Beroun-Město'; 'street': None; 'houseNumber': None},5400000,total,CZK,10.5,None,None,None,None,None
pricelists,6166ea7455f629fe07fb7c6c,None,RESERVED,None,https://berounska-zahrada.cz/cs/byty/,['https://berounska-zahrada.cz/themes/bz/images/galerie-01.jpg'; 'https://berounska-zahrada.cz/themes/bz/images/galerie-02.jpg'; 'https://berounska-zahrada.cz/themes/bz/images/galerie-03.jpg'; 'https://berounska-zahrada.cz/themes/bz/images/foto-01.jpg'; 'https://berounska-zahrada.cz/themes/bz/images/foto-07.jpg'; 'https://berounska-zahrada.cz/themes/bz/images/foto-02.jpg'; 'https://berounska-zahrada.cz/themes/bz/images/foto-03.jpg'; 'https://berounska-zahrada.cz/themes/bz/images/foto-04.jpg'; 'https://berounska-zahrada.cz/themes/bz/images/foto-05.jpg'; 'https://berounska-zahrada.cz/themes/bz/images/foto-06.jpg'; 'https://berounska-zahrada.cz/themes/bz/images/foto-09.jpg'; 'https://berounska-zahrada.cz/themes/bz/images/foto-10.jpg'; 'https://berounska-zahrada.cz/themes/bz/images/foto-11.jpg'; 'https://berounska-zahrada.cz/themes/bz/images/foto-12.jpg'],https://img.flatzone.cz/e01f0681ed5b3e08/350x200,FLAT,SALE,UNDER_CONSTRUCTION,Beroun Centrum; s.r.o.,Berounská zahrada,F.2.02,PRIVATE,B,ul.Na Dražkách; 266 01 Beroun,['2 + kk'],[2],57.0,TOTAL,None,None,None,57.0,2,{'lat': 49.9588256; 'lon': 14.0631653},{'address': 'Beroun-Město; Beroun; Beroun'; 'country': 'Česko'; 'region': 'Středočeský kraj'; 'district': 'Beroun'; 'city': 'Beroun'; 'borough': None; 'neighborhood': 'Beroun-Město'; 'street': None; 'houseNumber': None},4400000,total,CZK,12.5,None,None,None,None,None
pricelists,6166ea7455f629fe07fb7c6e,None,FREE,None,https://berounska-zahrada.cz/cs/byty/detail/F-3-01,['https://berounska-zahrada.cz/themes/bz/images/galerie-01.jpg'; 'https://berounska-zahrada.cz/themes/bz/images/galerie-02.jpg'; 'https://berounska-zahrada.cz/themes/bz/images/galerie-03.jpg'; 'https://berounska-zahrada.cz/themes/bz/images/foto-01.jpg'; 'https://berounska-zahrada.cz/themes/bz/images/foto-07.jpg'; 'https://berounska-zahrada.cz/themes/bz/images/foto-02.jpg'; 'https://berounska-zahrada.cz/themes/bz/images/foto-03.jpg'; 'https://berounska-zahrada.cz/themes/bz/images/foto-04.jpg'; 'https://berounska-zahrada.cz/themes/bz/images/foto-05.jpg'; 'https://berounska-zahrada.cz/themes/bz/images/foto-06.jpg'; 'https://berounska-zahrada.cz/themes/bz/images/foto-09.jpg'; 'https://berounska-zahrada.cz/themes/bz/images/foto-10.jpg'; 'https://berounska-zahrada.cz/themes/bz/images/foto-11.jpg'; 'https://berounska-zahrada.cz/themes/bz/images/foto-12.jpg'],https://img.flatzone.cz/e01f0681ed5b3e08/350x200,FLAT,SALE,UNDER_CONSTRUCTION,Beroun Centrum; s.r.o.,Berounská zahrada,F.3.01,PRIVATE,B,ul.Na Dražkách; 266 01 Beroun,['3 + kk'],[3],72.0,TOTAL,None,None,None,72.0,3,{'lat': 49.9588256; 'lon': 14.0631653},{'address': 'Beroun-Město; Beroun; Beroun'; 'country': 'Česko'; 'region': 'Středočeský kraj'; 'district': 'Beroun'; 'city': 'Beroun'; 'borough': None; 'neighborhood': 'Beroun-Město'; 'street': None; 'houseNumber': None},5600000,total,CZK,10.5,None,None,None,None,None
pricelists,6166ea7455f629fe07fb7c70,None,FREE,None,https://berounska-zahrada.cz/cs/byty/detail/F-3-03,['https://berounska-zahrada.cz/themes/bz/images/galerie-01.jpg'; 'https://berounska-zahrada.cz/themes/bz/images/galerie-02.jpg'; 'https://berounska-zahrada.cz/themes/bz/images/galerie-03.jpg'; 'https://berounska-zahrada.cz/themes/bz/images/foto-01.jpg'; 'https://berounska-zahrada.cz/themes/bz/images/foto-07.jpg'; 'https://berounska-zahrada.cz/themes/bz/images/foto-02.jpg'; 'https://berounska-zahrada.cz/themes/bz/images/foto-03.jpg'; 'https://berounska-zahrada.cz/themes/bz/images/foto-04.jpg'; 'https://berounska-zahrada.cz/themes/bz/images/foto-05.jpg'; 'https://berounska-zahrada.cz/themes/bz/images/foto-06.jpg'; 'https://berounska-zahrada.cz/themes/bz/images/foto-09.jpg'; 'https://berounska-zahrada.cz/themes/bz/images/foto-10.jpg'; 'https://berounska-zahrada.cz/themes/bz/images/foto-11.jpg'; 'https://berounska-zahrada.cz/themes/bz/images/foto-12.jpg'],https://img.flatzone.cz/e01f0681ed5b3e08/350x200,FLAT,SALE,UNDER_CONSTRUCTION,Beroun Centrum; s.r.o.,Berounská zahrada,F.3.03,PRIVATE,B,ul.Na Dražkách; 266 01 Beroun,['3 + kk'],[3],72.0,TOTAL,None,None,None,72.0,3,{'lat': 49.9588256; 'lon': 14.0631653},{'address': 'Beroun-Město; Beroun; Beroun'; 'country': 'Česko'; 'region': 'Středočeský kraj'; 'district': 'Beroun'; 'city': 'Beroun'; 'borough': None; 'neighborhood': 'Beroun-Město'; 'street': None; 'houseNumber': None},5600000,total,CZK,10.5,None,None,None,None,None
pricelists,6166ea7455f629fe07fb7c72,None,FREE,None,https://berounska-zahrada.cz/cs/byty/detail/F-3-02,['https://berounska-zahrada.cz/themes/bz/images/galerie-01.jpg'; 'https://berounska-zahrada.cz/themes/bz/images/galerie-02.jpg'; 'https://berounska-zahrada.cz/themes/bz/images/galerie-03.jpg'; 'https://berounska-zahrada.cz/themes/bz/images/foto-01.jpg'; 'https://berounska-zahrada.cz/themes/bz/images/foto-07.jpg'; 'https://berounska-zahrada.cz/themes/bz/images/foto-02.jpg'; 'https://berounska-zahrada.cz/themes/bz/images/foto-03.jpg'; 'https://berounska-zahrada.cz/themes/bz/images/foto-04.jpg'; 'https://berounska-zahrada.cz/themes/bz/images/foto-05.jpg'; 'https://berounska-zahrada.cz/themes/bz/images/foto-06.jpg'; 'https://berounska-zahrada.cz/themes/bz/images/foto-09.jpg'; 'https://berounska-zahrada.cz/themes/bz/images/foto-10.jpg'; 'https://berounska-zahrada.cz/themes/bz/images/foto-11.jpg'; 'https://berounska-zahrada.cz/themes/bz/images/foto-12.jpg'],https://img.flatzone.cz/e01f0681ed5b3e08/350x200,FLAT,SALE,UNDER_CONSTRUCTION,Beroun Centrum; s.r.o.,Berounská zahrada,F.3.02,PRIVATE,B,ul.Na Dražkách; 266 01 Beroun,['2 + kk'],[2],57.0,TOTAL,None,None,None,57.0,3,{'lat': 49.9588256; 'lon': 14.0631653},{'address': 'Beroun-Město; Beroun; Beroun'; 'country': 'Česko'; 'region': 'Středočeský kraj'; 'district': 'Beroun'; 'city': 'Beroun'; 'borough': None; 'neighborhood': 'Beroun-Město'; 'street': None; 'houseNumber': None},4450000,total,CZK,12.5,None,None,None,None,None
pricelists,6166ea7455f629fe07fb7c74,None,FREE,None,https://berounska-zahrada.cz/cs/byty/detail/F-4-01,['https://berounska-zahrada.cz/themes/bz/images/galerie-01.jpg'; 'https://berounska-zahrada.cz/themes/bz/images/galerie-02.jpg'; 'https://berounska-zahrada.cz/themes/bz/images/galerie-03.jpg'; 'https://berounska-zahrada.cz/themes/bz/images/foto-01.jpg'; 'https://berounska-zahrada.cz/themes/bz/images/foto-07.jpg'; 'https://berounska-zahrada.cz/themes/bz/images/foto-02.jpg'; 'https://berounska-zahrada.cz/themes/bz/images/foto-03.jpg'; 'https://berounska-zahrada.cz/themes/bz/images/foto-04.jpg'; 'https://berounska-zahrada.cz/themes/bz/images/foto-05.jpg'; 'https://berounska-zahrada.cz/themes/bz/images/foto-06.jpg'; 'https://berounska-zahrada.cz/themes/bz/images/foto-09.jpg'; 'https://berounska-zahrada.cz/themes/bz/images/foto-10.jpg'; 'https://berounska-zahrada.cz/themes/bz/images/foto-11.jpg'; 'https://berounska-zahrada.cz/themes/bz/images/foto-12.jpg'],https://img.flatzone.cz/e01f0681ed5b3e08/350x200,FLAT,SALE,UNDER_CONSTRUCTION,Beroun Centrum; s.r.o.,Berounská zahrada,F.4.01,PRIVATE,B,ul.Na Dražkách; 266 01 Beroun,['3 + kk'],[3],72.0,TOTAL,None,None,None,72.0,4,{'lat': 49.9588256; 'lon': 14.0631653},{'address': 'Beroun-Město; Beroun; Beroun'; 'country': 'Česko'; 'region': 'Středočeský kraj'; 'district': 'Beroun'; 'city': 'Beroun'; 'borough': None; 'neighborhood': 'Beroun-Město'; 'street': None; 'houseNumber': None},5800000,total,CZK,10.5,None,None,None,None,None
pricelists,6166ea7455f629fe07fb7c76,None,FREE,None,https://berounska-zahrada.cz/cs/byty/detail/F-4-02,['https://berounska-zahrada.cz/themes/bz/images/galerie-01.jpg'; 'https://berounska-zahrada.cz/themes/bz/images/galerie-02.jpg'; 'https://berounska-zahrada.cz/themes/bz/images/galerie-03.jpg'; 'https://berounska-zahrada.cz/themes/bz/images/foto-01.jpg'; 'https://berounska-zahrada.cz/themes/bz/images/foto-07.jpg'; 'https://berounska-zahrada.cz/themes/bz/images/foto-02.jpg'; 'https://berounska-zahrada.cz/themes/bz/images/foto-03.jpg'; 'https://berounska-zahrada.cz/themes/bz/images/foto-04.jpg'; 'https://berounska-zahrada.cz/themes/bz/images/foto-05.jpg'; 'https://berounska-zahrada.cz/themes/bz/images/foto-06.jpg'; 'https://berounska-zahrada.cz/themes/bz/images/foto-09.jpg'; 'https://berounska-zahrada.cz/themes/bz/images/foto-10.jpg'; 'https://berounska-zahrada.cz/themes/bz/images/foto-11.jpg'; 'https://berounska-zahrada.cz/themes/bz/images/foto-12.jpg'],https://img.flatzone.cz/e01f0681ed5b3e08/350x200,FLAT,SALE,UNDER_CONSTRUCTION,Beroun Centrum; s.r.o.,Berounská zahrada,F.4.02,PRIVATE,B,ul.Na Dražkách; 266 01 Beroun,['2 + kk'],[2],57.0,TOTAL,None,None,None,57.0,4,{'lat': 49.9588256; 'lon': 14.0631653},{'address': 'Beroun-Město; Beroun; Beroun'; 'country': 'Česko'; 'region': 'Středočeský kraj'; 'district': 'Beroun'; 'city': 'Beroun'; 'borough': None; 'neighborhood': 'Beroun-Město'; 'street': None; 'houseNumber': None},4550000,total,CZK,12.5,None,None,None,None,None
pricelists,6166ea7455f629fe07fb7c78,None,FREE,None,https://berounska-zahrada.cz/cs/byty/detail/F-4-03,['https://berounska-zahrada.cz/themes/bz/images/galerie-01.jpg'; 'https://berounska-zahrada.cz/themes/bz/images/galerie-02.jpg'; 'https://berounska-zahrada.cz/themes/bz/images/galerie-03.jpg'; 'https://berounska-zahrada.cz/themes/bz/images/foto-01.jpg'; 'https://berounska-zahrada.cz/themes/bz/images/foto-07.jpg'; 'https://berounska-zahrada.cz/themes/bz/images/foto-02.jpg'; 'https://berounska-zahrada.cz/themes/bz/images/foto-03.jpg'; 'https://berounska-zahrada.cz/themes/bz/images/foto-04.jpg'; 'https://berounska-zahrada.cz/themes/bz/images/foto-05.jpg'; 'https://berounska-zahrada.cz/themes/bz/images/foto-06.jpg'; 'https://berounska-zahrada.cz/themes/bz/images/foto-09.jpg'; 'https://berounska-zahrada.cz/themes/bz/images/foto-10.jpg'; 'https://berounska-zahrada.cz/themes/bz/images/foto-11.jpg'; 'https://berounska-zahrada.cz/themes/bz/images/foto-12.jpg'],https://img.flatzone.cz/e01f0681ed5b3e08/350x200,FLAT,SALE,UNDER_CONSTRUCTION,Beroun Centrum; s.r.o.,Berounská zahrada,F.4.03,PRIVATE,B,ul.Na Dražkách; 266 01 Beroun,['3 + kk'],[3],72.0,TOTAL,None,None,None,72.0,4,{'lat': 49.9588256; 'lon': 14.0631653},{'address': 'Beroun-Město; Beroun; Beroun'; 'country': 'Česko'; 'region': 'Středočeský kraj'; 'district': 'Beroun'; 'city': 'Beroun'; 'borough': None; 'neighborhood': 'Beroun-Město'; 'street': None; 'houseNumber': None},5800000,total,CZK,10.5,None,None,None,None,None
